City,neighborhood,med_rent
Charlotte,Avensong,857
Charlotte,Bradfield Farms,857
Charlotte,Cedarbrook Acres,857
Charlotte,Hickory Grove,857
Charlotte,Lakeland Hills,857
Charlotte,Oak Forest,857
Charlotte,Robinson Church Road,857
Charlotte,Shannon Park,857
Charlotte,Turtle Rock,857
Charlotte,Woodbury,857
Charlotte,Eastland - Wilora Lake,888
Charlotte,Farm Pond,888
Charlotte,Arbor Glen,898
Charlotte,Ashley Park,898
Charlotte,Boulevard Homes,898
Charlotte,Capitol Drive,898
Charlotte,Enderly Park,898
Charlotte,Jackson Homes,898
Charlotte,Lakewood,898
Charlotte,Pinecrest,898
Charlotte,Ponderosa - Wingate,898
Charlotte,Reid Park,898
Charlotte,Revolution Park,898
Charlotte,Seversville,898
Charlotte,Smallwood,898
Charlotte,Todd Park,898
Charlotte,Toddville Road,898
Charlotte,Wesley Heights,898
Charlotte,West Bolevard,898
Charlotte,Westchester,898
Charlotte,Westerly Hills,898
Charlotte,Westover Hills,898
Charlotte,Hickory Ridge,900
Charlotte,Idlewild,900
Charlotte,North Sharon Amity - Reddman Road,900
Charlotte,East Forest,912
Charlotte,Arlington Forest,950
Charlotte,Becton Park,950
Charlotte,Bent Creek,950
Charlotte,Butterfield,950
Charlotte,Clear Creek,950
Charlotte,Clear Meadow,950
Charlotte,Marlwood,950
Charlotte,McGregor,950
Charlotte,Mint Hill Estates,950
Charlotte,Morris Farms,950
Charlotte,Park Walk,950
Charlotte,Persimmon Creek,950
Charlotte,Pleasant Valley,950
Charlotte,Sherwood Forest,950
Charlotte,Waterleaf,950
Charlotte,Eastway - Sheffield Park,971
Charlotte,Double Oaks,989
Charlotte,Druid Hills,989
Charlotte,Genesis Park,989
Charlotte,Greenville,989
Charlotte,J.T. Williams,989
Charlotte,Lockwood,989
Charlotte,Sugaw Creek - Ritch Avenue,989
Charlotte,Tryon Hills,989
Charlotte,Windsor Park,993
Charlotte,Charlotte Douglas International Airport,996
Charlotte,Eagle Lake,1018
Charlotte,Optimist Park,1045
Charlotte,Back Creek Church Road,1053
Charlotte,Hampshire Hills,1053
Charlotte,Briarcreek - Woodland,1054
Charlotte,Chantilly,1054
Charlotte,Coliseum Drive,1054
Charlotte,Commonwealth,1054
Charlotte,Country Club Heights,1054
Charlotte,Echo Hills,1054
Charlotte,North Charlotte,1054
Charlotte,Oakhurst,1054
Charlotte,Plaza - Shamrock,1054
Charlotte,Plaza Hills,1054
Charlotte,Plaza Midwood,1054
Charlotte,Villa Heights,1054
Charlotte,Thomasboro - Hoskins,1060
Charlotte,Clanton Park - Roseland,1072
Charlotte,York Road,1072
Charlotte,Beverly Woods,1086
Charlotte,Park Crossing,1086
Charlotte,Quail Hollow,1086
Charlotte,Seven Eagles,1086
Charlotte,Sharon Woods,1086
Charlotte,Sharonbrook,1086
Charlotte,Starmount,1086
Charlotte,Carmel,1091
Charlotte,Governor's Square,1102
Charlotte,McAlpine,1102
Charlotte,Montibello,1102
Charlotte,Mountainbrook,1102
Charlotte,Olde Providence North,1102
Charlotte,Olde Providence South,1102
Charlotte,Park Ridge,1102
Charlotte,Wessex Square,1102
Charlotte,Davis Lake - Eastfield,1104
Charlotte,Derita - Statesville,1104
Charlotte,Henderson Circle,1104
Charlotte,Highland Creek,1104
Charlotte,Nevin Community,1104
Charlotte,Prosperity Church Road,1104
Charlotte,Rockwell Park - Hemphill Heights,1104
Charlotte,Montclaire South,1105
Charlotte,Yorkmount,1105
Charlotte,Beatties Ford - Trinity,1108
Charlotte,Northlake,1108
Charlotte,Slater Road - Hamilton Circle,1108
Charlotte,Wilson Heights,1108
Charlotte,Biddleville,1111
Charlotte,Firestone - Garden Park,1111
Charlotte,Lincoln Heights,1111
Charlotte,McCrorey Heights,1111
Charlotte,Mountain Island,1111
Charlotte,Oakdale,1111
Charlotte,Oaklawn,1111
Charlotte,Oakview Terrance,1111
Charlotte,Sunset Road,1111
Charlotte,University Park,1111
Charlotte,Washington Heights,1111
Charlotte,Belmont,1127
Charlotte,Montclaire - Madison Park,1140
Charlotte,Brown Road,1143
Charlotte,Griers Fork,1143
Charlotte,Olde Whitehall,1143
Charlotte,Yorkshire,1143
Charlotte,Steele Creek,1149
Charlotte,College Downs,1153
Charlotte,Hidden Valley,1153
Charlotte,Newell,1153
Charlotte,Asheford Woods,1171
Charlotte,Berewick,1171
Charlotte,Charlotte Pines,1171
Charlotte,Creekshire Estates,1171
Charlotte,Dixie - Berryhill,1171
Charlotte,Falcon Ridge,1171
Charlotte,Harbor Oaks,1171
Charlotte,Hartwell,1171
Charlotte,McDowell Place,1171
Charlotte,Montreux,1171
Charlotte,Neely Glen,1171
Charlotte,Planters Walk,1171
Charlotte,River Oaks,1171
Charlotte,Riverpointe,1171
Charlotte,Steele Creek Landing,1171
Charlotte,Steelecroft Place,1171
Charlotte,Stowe Creek,1171
Charlotte,The Palisades,1171
Charlotte,The Sanctuary,1171
Charlotte,Waterlyn,1171
Charlotte,Wiltshire Manor,1171
Charlotte,Withers Grove,1171
Charlotte,Woody Point Acres,1171
Charlotte,Grier Heights,1176
Charlotte,Hembstead,1180
Charlotte,Lansdowne,1180
Charlotte,Oxford Hunt,1180
Charlotte,Providence Plantation,1180
Charlotte,Sardis,1180
Charlotte,Arbor Hills,1221
Charlotte,Claybrooke,1221
Charlotte,Fountaingrove,1221
Charlotte,Harris - Houston,1221
Charlotte,Homewood Acres,1221
Charlotte,Lexington,1221
Charlotte,Mallard Lake,1221
Charlotte,Mallard Woods,1221
Charlotte,Maplewood,1221
Charlotte,Mill Creek,1221
Charlotte,Mineral Springs - Rumble Road,1221
Charlotte,University City North,1221
Charlotte,University City South,1221
Charlotte,Withrow Downs,1221
Charlotte,Ashbrook - Clawson Village,1222
Charlotte,Collingwood,1222
Charlotte,Colonial Village,1222
Charlotte,Sedgefield,1222
Charlotte,Southside Park,1282
Charlotte,Barclay Downs,1301
Charlotte,Myers Park,1308
Charlotte,Wilmore,1310
Charlotte,Ballantyne,1336
Charlotte,Piper Glen Estates,1336
Charlotte,Providence Crossing,1336
Charlotte,Provincetowne,1336
Charlotte,Rain Tree,1336
Charlotte,Stone Creek Ranch,1336
Charlotte,Touchstone Village - Elm Lane,1336
Charlotte,Whiteoak,1336
Charlotte,Cotswold,1379
Charlotte,Foxcroft,1379
Charlotte,Providence Park,1379
Charlotte,Sherwood Forest,1379
Charlotte,Stonehaven,1379
Charlotte,Wendover - Sedgewood,1379
Charlotte,Freedom Park,1393
Charlotte,Cherry,1451
Charlotte,Elizabeth,1451
Charlotte,Dilworth,1496
Charlotte,Brookhill,1522
Charlotte,The South End,1638
Charlotte,Uptown Charlotte,1738
Charlotte,Eastover,2171
Jacksonville,29th & Chase,629
Jacksonville,College Gardens,629
Jacksonville,Edgewood Manor,629
Jacksonville,Grand Park,629
Jacksonville,Magnolia Gardens,629
Jacksonville,Mid-Westside Jacksonville,629
Jacksonville,Moncrief Park,629
Jacksonville,Robinson's Addition,629
Jacksonville,Royal Terrace,629
Jacksonville,Carver Manor,635
Jacksonville,Cisco Gardens,694
Jacksonville,Dinsmore,694
Jacksonville,Fairfield,694
Jacksonville,Jacksonville Ranch Club,694
Jacksonville,Lincoln Villas,694
Jacksonville,Longbranch,694
Jacksonville,NAS Cecil Field,694
Jacksonville,Phoenix,694
Jacksonville,Picketville,694
Jacksonville,Springfield,694
Jacksonville,Tallyrand,694
Jacksonville,Brentwood,741
Jacksonville,Alderman Park,821
Jacksonville,Arlingwood,821
Jacksonville,Clifton,821
Jacksonville,Lake Lucina,821
Jacksonville,West Arlington,821
Jacksonville,Woodland Acres,821
Jacksonville,Cedar Hills,826
Jacksonville,Cedar Hills Estates,826
Jacksonville,Confederate Point,826
Jacksonville,Fairfax,826
Jacksonville,Hyde Park,826
Jacksonville,Lakeshore,826
Jacksonville,Ortega,826
Jacksonville,Ortega Farms,826
Jacksonville,Ortega Forest,826
Jacksonville,Sweetwater,826
Jacksonville,45th & Moncrief,827
Jacksonville,Harborview,827
Jacksonville,Lake Forest,827
Jacksonville,Lake Forest Hills,827
Jacksonville,Osceola Forest,827
Jacksonville,Panama Park,827
Jacksonville,Ribault,827
Jacksonville,Riverview,827
Jacksonville,Sherwood Forest,827
Jacksonville,Tallulah - North Shore,827
Jacksonville,Hillcrest,860
Jacksonville,Brierwood,863
Jacksonville,Goodby's Creek,863
Jacksonville,Monclair,863
Jacksonville,San Jose,863
Jacksonville,San Jose Forest,863
Jacksonville,Herlong,870
Jacksonville,Jacksonville Heights West,870
Jacksonville,Normandy Manor,870
Jacksonville,Monterey,878
Jacksonville,Jacksonville Heights,899
Jacksonville,Venetia,899
Jacksonville,Oak Haven,907
Jacksonville,Jacksonville Heights South,913
Jacksonville,Arlington Hills,950
Jacksonville,Arlington Manor,950
Jacksonville,Charter Point,950
Jacksonville,Fairways Forest,950
Jacksonville,University Park,950
Jacksonville,Woodmere,950
Jacksonville,Lakewood,970
Jacksonville,Regency,982
Jacksonville,Southpoint,982
Jacksonville,Arrowhead,994
Jacksonville,Beauclerc,994
Jacksonville,Craven,994
Jacksonville,Mandarin Station - Losco,994
Jacksonville,Pickwick Park,994
Jacksonville,Southwood,994
Jacksonville,Sunbeam,994
Jacksonville,Forest Trails,997
Jacksonville,Biscayne,1001
Jacksonville,Biscayne Terrace,1001
Jacksonville,College Park,1001
Jacksonville,Copper Hill,1001
Jacksonville,Duval,1001
Jacksonville,Eastport,1001
Jacksonville,Garden City,1001
Jacksonville,Highlands,1001
Jacksonville,Hollyford,1001
Jacksonville,Imeson Park,1001
Jacksonville,Jacksonville Airport,1001
Jacksonville,Jacksonville North Estates,1001
Jacksonville,Jamestown,1001
Jacksonville,Northlake,1001
Jacksonville,Oceanway,1001
Jacksonville,Pecan Park,1001
Jacksonville,San Mateo,1001
Jacksonville,Turtle Creek,1001
Jacksonville,Hogan's Creek,1025
Jacksonville,Argyle Forest,1027
Jacksonville,Duclay,1027
Jacksonville,Duclay Forest,1027
Jacksonville,McGirts Creek,1027
Jacksonville,Oak Hill,1027
Jacksonville,Ortega Hills,1027
Jacksonville,Wesconnett,1027
Jacksonville,Yukon,1027
Jacksonville,Bowden,1034
Jacksonville,Brackridge,1034
Jacksonville,Glynlea - Grove Park,1034
Jacksonville,Greenfield Manor,1034
Jacksonville,Hogan,1034
Jacksonville,Holiday Hill,1034
Jacksonville,Killarney Shores,1034
Jacksonville,Love Grove - Riviera Manor,1034
Jacksonville,Sans Souci,1034
Jacksonville,Secret Cove,1034
Jacksonville,Tiger Hole - Secret Woods,1034
Jacksonville,Spring Glen,1042
Jacksonville,Chimney Lakes,1047
Jacksonville,Settlers Landing,1047
Jacksonville,Colony Cove,1056
Jacksonville,Gilmore,1056
Jacksonville,Empire Point,1057
Jacksonville,Englewood,1057
Jacksonville,Miramar,1057
Jacksonville,Pine Forest,1057
Jacksonville,San Marco,1057
Jacksonville,South Riverside,1057
Jacksonville,Southbank,1057
Jacksonville,Spring Park,1057
Jacksonville,St. Nicholas,1057
Jacksonville,Avondale,1081
Jacksonville,Murray Hill,1081
Jacksonville,Normandy,1081
Jacksonville,Normandy Village,1081
Jacksonville,New Town,1113
Jacksonville,North Beach,1114
Jacksonville,Atlantic Boulevard Estates,1133
Jacksonville,Beacon Hills & Harbour,1133
Jacksonville,Cobblestone,1133
Jacksonville,East Arlington,1133
Jacksonville,Fort Caroline Shores,1133
Jacksonville,Girvin,1133
Jacksonville,Hidden Hills,1133
Jacksonville,Holly Oaks,1133
Jacksonville,St. Johns Bluff,1133
Jacksonville,Julington Creek,1149
Jacksonville,Loretto,1149
Jacksonville,Mandarin,1149
Jacksonville,Avenues,1199
Jacksonville,Bayard,1199
Jacksonville,Baymeadows,1199
Jacksonville,Baymeadows Center,1199
Jacksonville,Brookwood,1199
Jacksonville,Campfield,1199
Jacksonville,Deercreek,1199
Jacksonville,Deerwood,1199
Jacksonville,Deerwood Center,1199
Jacksonville,East Hampton,1199
Jacksonville,Hampton Glen,1199
Jacksonville,Royal Lakes,1199
Jacksonville,Sweetwater by Del Webb,1199
Jacksonville,Timberlin Parc,1199
Jacksonville,East Jacksonville,1226
Jacksonville,Riverside,1242
Jacksonville,Cecil Field,1249
Jacksonville,Crystal Springs,1249
Jacksonville,Jacksonville Farms - Terrace,1249
Jacksonville,Normandy Estates,1249
Jacksonville,Rolling Hills,1249
Jacksonville,Atlantic Highlands,1284
Jacksonville,Beach Haven,1284
Jacksonville,Cypress Village,1284
Jacksonville,Highland Glen,1284
Jacksonville,Holiday Harbors,1284
Jacksonville,Jax Golf & Cc,1284
Jacksonville,Johns Creek,1284
Jacksonville,Pablo Creek Reserve,1284
Jacksonville,Palermo,1284
Jacksonville,Riverbrook,1284
Jacksonville,Sans Pareil,1284
Jacksonville,Windsor Parke,1284
Jacksonville,Wolf Creek,1284
Jacksonville,Golden Glades - The Woods,1289
Jacksonville,Beachwood,1294
Jacksonville,Park Ridge,1294
Jacksonville,Sandalwood,1294
Jacksonville,Southside Estates,1294
Jacksonville,Windy Hill,1294
Jacksonville,Northbank,1302
Jacksonville,Isle of Palms,1317
Jacksonville,Brooklyn,1359
Jacksonville,LaVilla,1359
Jacksonville,Bartram Park,1391
Jacksonville,Bartram Springs,1391
Jacksonville,Del Rio,1391
Jacksonville,Greenland,1391
Jacksonville,Mixon Town,1408
San Francisco,Treasure Island,2616
San Francisco,Marina,2959
San Francisco,Tenderloin,2979
San Francisco,Van Ness - Civic Center,2979
San Francisco,Russian Hill,2993
San Francisco,Downtown District 8 - North East,3006
San Francisco,Nob Hill,3034
San Francisco,Hayes Valley,3042
San Francisco,Western Addition,3055
San Francisco,Bernal Heights,3074
San Francisco,Lower Pacific Heights,3074
San Francisco,Pacific Heights,3087
San Francisco,Bayview,3257
San Francisco,Bayview Heights,3257
San Francisco,Candlestick Point,3257
San Francisco,Hunters Point,3257
San Francisco,Silver Terrace,3257
San Francisco,North Beach,3321
San Francisco,Telegraph Hill,3321
San Francisco,Noe Valley,3349
San Francisco,Cow Hollow,3385
San Francisco,Alamo Square,3403
San Francisco,North Panhandle,3403
San Francisco,Ingleside Heights,3444
San Francisco,Lake Shore,3444
San Francisco,Lakeside,3444
San Francisco,Merced Heights,3444
San Francisco,Merced Manor,3444
San Francisco,Pine Lake Park,3444
San Francisco,Stonestown,3444
San Francisco,Anza Vista,3448
San Francisco,Ashbury Heights,3498
San Francisco,Buena Vista,3498
San Francisco,Cole Valley,3498
San Francisco,Haight Ashbury,3498
San Francisco,Parnassus Heights,3498
San Francisco,Forest Knolls,3515
San Francisco,Diamond Heights,3522
San Francisco,Glen Park,3522
San Francisco,Midtown Terrace,3522
San Francisco,Financial District - Barbary Coast,3536
San Francisco,North Waterfront,3640
San Francisco,Sunnyside,3672
San Francisco,Central Sunset,3679
San Francisco,Golden Gate Heights,3679
San Francisco,Inner Sunset,3679
San Francisco,Outer Sunset,3679
San Francisco,Inner Mission,3746
San Francisco,Golden Gate Park,3758
San Francisco,Lone Mountain,3758
San Francisco,Mission Dolores,3771
San Francisco,Twin Peaks,3862
San Francisco,Central Richmond,3922
San Francisco,Inner Richmond,3922
San Francisco,Jordan Park - Laurel Heights,3922
San Francisco,Lake Street,3922
San Francisco,Presidio Heights,3922
San Francisco,Excelsior,3942
San Francisco,Ingleside,3942
San Francisco,Mission Terrace,3942
San Francisco,Mount Davidson Manor,3942
San Francisco,Oceanview,3942
San Francisco,Outer Mission,3942
San Francisco,Westwood Park,3942
San Francisco,Potrero Hill,4011
San Francisco,South of Market,4011
San Francisco,Clarendon Heights,4036
San Francisco,Crocker Amazon,4082
San Francisco,John McLaren Park,4082
San Francisco,Yerba Buena,4183
San Francisco,Central Waterfront - Dogpatch,4280
San Francisco,Little Hollywood,4303
San Francisco,Portola,4303
San Francisco,Visitacion Valley,4303
San Francisco,South Beach,4388
San Francisco,Corona Heights,4464
San Francisco,Duboce Triangle,4464
San Francisco,Eureka Valley - Dolores Heights,4464
San Francisco,Mission Bay,4599
San Francisco,Presidio,4976
Seattle,Innis Arden,1322
Seattle,Richmond Beach,1322
Seattle,The Highlands,1322
Seattle,Rainier View,1343
Seattle,Georgetown,1375
Seattle,South Park,1375
Seattle,Central Des Moines,1426
Seattle,Marina District,1426
Seattle,North Central Des Moines,1426
Seattle,Pacific Ridge,1426
Seattle,Redondo,1426
Seattle,South Des Moines,1426
Seattle,Woodmont,1426
Seattle,Zenith,1426
Seattle,North Hill,1440
Seattle,Ballinger,1481
Seattle,Briarcrest,1481
Seattle,North City,1481
Seattle,Ridgecrest,1481
Seattle,Cedar Park,1559
Seattle,Olympic Hills,1559
Seattle,Pinehurst,1559
Seattle,Victory Heights,1559
Seattle,Broadview,1572
Seattle,Highland Terrace,1572
Seattle,Hillwood,1572
Seattle,Richmond Highlands,1572
Seattle,Echo Lake,1574
Seattle,Haller Lake,1575
Seattle,Crown Hill,1594
Seattle,North Beach - Blue Ridge,1594
Seattle,Bitter Lake,1596
Seattle,Meridian Park,1596
Seattle,Parkwood,1596
Seattle,Westminster Triangle,1596
Seattle,Rainier Beach,1669
Seattle,Maple Leaf,1678
Seattle,Matthews Beach,1678
Seattle,Meadowbrook,1678
Seattle,Harbor Island-Industrial District,1691
Seattle,Highland Park,1691
Seattle,Riverview,1691
Seattle,South Delridge,1691
Seattle,Arbor Heights,1700
Seattle,Fauntleroy,1700
Seattle,North Beacon Hill,1700
Seattle,Briarcliff,1720
Seattle,Lawton Park,1720
Seattle,Southeast Magnolia,1720
Seattle,Columbia City,1721
Seattle,Holly Park,1721
Seattle,Mid-Beacon Hill,1721
Seattle,South Beacon Hill,1721
Seattle,High Point,1736
Seattle,North Delridge,1736
Seattle,Roxhill,1736
Seattle,North College Park,1767
Seattle,Greenwood,1770
Seattle,Brighton,1790
Seattle,Dunlap,1790
Seattle,Seward Park,1790
Seattle,Loyal Heights,1796
Seattle,Mount Baker,1796
Seattle,Whittier Heights,1796
Seattle,Fairmount Park,1801
Seattle,Gatewood,1801
Seattle,Atlantic,1805
Seattle,Genesee,1867
Seattle,North Admiral,1867
Seattle,Harrison - Denny Blaine,1871
Seattle,Madison Park,1871
Seattle,Stevens,1871
Seattle,Laurelhurst,1878
Seattle,University District,1878
Seattle,Bryant,1884
Seattle,Ravenna,1884
Seattle,Windermere,1884
Seattle,Roosevelt,1895
Seattle,Sand Point,1895
Seattle,View Ridge,1895
Seattle,Wedgwood,1895
Seattle,Seaview,1904
Seattle,Alki,1907
Seattle,Junction,1907
Seattle,Montlake,1915
Seattle,Portage Bay,1925
Seattle,Interbay,1926
Seattle,Leschi,1931
Seattle,Wallingford,1934
Seattle,Broadway,1937
Seattle,Mann,1942
Seattle,International District,1943
Seattle,Madrona,1949
Seattle,Minor,1949
Seattle,Sunset Hill,1955
Seattle,Yesler Terrace,1960
Seattle,Green Lake,1968
Seattle,Ballard,1977
Seattle,West Woodland,1977
Seattle,West Queen Anne,1978
Seattle,Pioneer Square,1983
Seattle,Phinney Ridge,1990
Seattle,Fremont,2006
Seattle,First Hill,2217
Seattle,Eastlake,2227
Seattle,Lower Queen Anne,2254
Seattle,North Queen Anne,2254
Seattle,East Queen Anne,2309
Seattle,South Lake Union,2309
Seattle,Westlake,2309
Seattle,Seattle Central Business District,2403
Seattle,Central Waterfront,2421
Seattle,Belltown,2528
Seattle,Pike Market,2528
Washington DC,Benning,1151
Washington DC,Benning Heights,1151
Washington DC,Benning Ridge,1151
Washington DC,Burrville,1151
Washington DC,Capitol View,1151
Washington DC,Central Northeast,1151
Washington DC,Civic Betterment,1151
Washington DC,Deanwood,1151
Washington DC,East Corner,1151
Washington DC,Eastland Gardens,1151
Washington DC,Fort Dupont,1151
Washington DC,Greenway,1151
Washington DC,Hillbrook,1151
Washington DC,Kenilworth,1151
Washington DC,Kenilworth Park,1151
Washington DC,Lincoln Heights,1151
Washington DC,Marshall Heights,1151
Washington DC,Mayfair,1151
Washington DC,River Terrace,1151
Washington DC,Anacostia Naval Station & Bolling Air Force,1186
Washington DC,Bellevue,1186
Washington DC,Blue Plains Treatment Plant,1186
Washington DC,Congress Heights,1186
Washington DC,Washington Highlands,1186
Washington DC,Dupont Park,1191
Washington DC,Fort Davis Park,1191
Washington DC,Twining,1191
Washington DC,Saint Elizabeths,1207
Washington DC,Shipley Terrace,1207
Washington DC,Anacostia,1220
Washington DC,Barry Farm,1220
Washington DC,Buena Vista,1220
Washington DC,Douglass,1220
Washington DC,Fairfax Village,1220
Washington DC,Fairlawn,1220
Washington DC,Garfield Heights,1220
Washington DC,Good Hope,1220
Washington DC,Hillcrest,1220
Washington DC,Knox Hill,1220
Washington DC,Naylor Gardens,1220
Washington DC,Randle Highlands,1220
Washington DC,Skyland,1220
Washington DC,Woodland,1220
Washington DC,Burleith,1632
Washington DC,Foxhall Crescents,1632
Washington DC,Foxhall Village,1632
Washington DC,Georgetown,1632
Washington DC,Glover Park,1632
Washington DC,Old Soldiers Home,1732
Washington DC,16th Street Heights,1733
Washington DC,Brightwood Park,1733
Washington DC,Crestwood,1733
Washington DC,Petworth,1733
Washington DC,Queens Chapel,1733
Washington DC,Brightwood,1755
Washington DC,Lamond Riggs,1755
Washington DC,Manor Park,1755
Washington DC,Fort Totten,1760
Washington DC,Pleasant Hill,1760
Washington DC,Rock Creek Park,1790
Washington DC,Michigan Park,1818
Washington DC,North Michigan Park,1818
Washington DC,University Heights,1818
Washington DC,Brookland,1822
Washington DC,Brentwood,1837
Washington DC,Fort Lincoln,1837
Washington DC,Woodridge,1837
Washington DC,Colonial Village,1844
Washington DC,Shepherd Park,1844
Washington DC,Takoma Dc Washington,1844
Washington DC,Cathedral Heights,1941
Washington DC,Massachusetts Heights,1941
Washington DC,Palisades,1941
Washington DC,Wesley Heights,1941
Washington DC,Barnaby Woods,1958
Washington DC,Chevy Chase,1958
Washington DC,Hawthorne,1958
Washington DC,Friendship Heights,2105
Washington DC,Columbia Heights Dc Washington,2132
Washington DC,Mount Pleasant,2132
Washington DC,Observatory Circle,2136
Washington DC,American University Park,2148
Washington DC,McLean Gardens,2148
Washington DC,Spring Valley,2148
Washington DC,Tenleytown,2148
Washington DC,Edgewood,2223
Washington DC,Cleveland Park,2232
Washington DC,North Cleveland Park,2232
Washington DC,Washington Hospital Center,2253
Washington DC,Forest Hills,2265
Washington DC,Kalorama Heights,2265
Washington DC,Woodland - Normanstone,2265
Washington DC,Woodley Park,2265
Washington DC,East Potomac Park,2267
Washington DC,Lady Bird Johnson,2267
Washington DC,Southwest Waterfront,2267
Washington DC,Waterfront Washington,2267
Washington DC,West Potomac Park,2267
Washington DC,Gateway,2286
Washington DC,Langdon,2286
Washington DC,The Mall - West Potomac Park,2296
Washington DC,Arboretum,2315
Washington DC,Carver - Langston,2315
Washington DC,Eckington,2315
Washington DC,Gallaudet,2315
Washington DC,H Street Washington,2315
Washington DC,Ivy City,2315
Washington DC,Kingman Park,2315
Washington DC,Near Northeast,2315
Washington DC,Trinidad,2315
Washington DC,United States National Arboretum,2315
Washington DC,Adams Morgan,2318
Washington DC,Dupont Circle,2318
Washington DC,Park View,2327
Washington DC,Barney Circle,2418
Washington DC,Capitol Hill,2418
Washington DC,Logan Circle,2446
Washington DC,North Capitol Street,2466
Washington DC,Truxton Circle,2466
Washington DC,U Street Washington,2469
Washington DC,Downtown Washington,2480
Washington DC,Penn Quarter,2554
Washington DC,Foggy Bottom,2600
Washington DC,Navy Yard,2600
Washington DC,Bloomingdale,2638
Washington DC,Chinatown,2638
Washington DC,Howard University,2638
Washington DC,Judiciary Square,2638
Washington DC,Le Droit Park,2638
Washington DC,Mount Vernon Square,2638
Washington DC,Mt Vernon Triangle Washington,2638
Washington DC,Shaw,2638
Washington DC,West End Washington,2735
Washington DC,Federal Triangle,2956