Year,Term,Modality,Course,Coreq,pct_grade,d_grade
2019,Fall,IP,146,Y,107.83,4
2020,Fall,IP,146,Y,103.54,4
2019,Summer,IP,152,N,103.53,4
2019,Fall,IP,146,Y,103.04,4
2021,Winter,OC,146,N,102.98,4
2023,Winter,O,146,Y,102.89,4
2021,Winter,OC,146,N,102.43,4
2020,Fall,IP,146,Y,102.35,4
2021,Winter,OC,146,Y,102.29,4
2023,Winter,O,146,Y,101.75,4
2019,Winter,IP,152,N,101.75,4
2023,Fall,H,146,N,101.73,4
2023,Spring,O,146,Y,101.7,4
2021,Spring,OC,146,Y,101.68,4
2019,Winter,IP,98,N,101.61,4
2021,Winter,OC,146,N,101.22,4
2021,Winter,OC,146,Y,101.19,4
2021,Winter,OC,146,Y,101.07,4
2020,Summer,OC,152,N,101.03,4
2021,Fall,H,146,Y,100.94,4
2024,Winter,O,146,Y,100.91,4
2021,Spring,OC,146,Y,100.75,4
2024,Winter,O,146,Y,100.74,4
2023,Fall,H,211,N,100.56,4
2023,Spring,O,146,Y,100.49,4
2023,Fall,H,146,N,100.42,4
2024,Fall,O,146,N,100.39,4
2023,Fall,H,211,N,100.18,4
2022,Spring,H,146,Y,100.16,4
2021,Winter,OC,146,Y,100.16,4
2019,Summer,IP,152,N,100.11,4
2024,Fall,H,99,Y,100,4
2023,Winter,O,146,Y,99.96,4
2020,Fall,IP,146,Y,99.9,4
2021,Winter,OC,146,N,99.84,4
2020,Summer,OC,211,N,99.79,4
2021,Winter,OC,146,N,99.74,4
2020,Fall,IP,146,Y,99.65,4
2022,Winter,H,146,Y,99.65,4
2023,Fall,H,146,N,99.64,4
2020,Fall,OC,208,N,99.58,4
2019,Fall,IP,146,Y,99.55,4
2019,Winter,IP,141,N,99.44,4
2021,Fall,H,146,Y,99.4,4
2022,Fall,H,146,Y,99.36,4
2024,Summer,O,146,Y,99.35,4
2021,Spring,OC,146,Y,99.3,4
2024,Fall,O,146,N,99.28,4
2021,Winter,OC,146,N,99.27,4
2021,Spring,OC,146,Y,99.26,4
2022,Spring,H,146,N,99.26,4
2020,Summer,OC,211,N,99.25,4
2022,Summer,O,146,Y,99.23,4
2019,Winter,IP,98,N,99.21,4
2019,Spring,IP,146,N,99.14,4
2023,Winter,O,146,Y,99.13,4
2023,Spring,O,146,Y,99.12,4
2024,Winter,O,146,Y,99.11,4
2019,Fall,IP,146,Y,99.1,4
2024,Fall,O,146,N,99.1,4
2019,Spring,IP,146,N,99.1,4
2022,Spring,H,146,N,99.1,4
2022,Spring,H,146,Y,99.09,4
2020,Summer,OC,211,N,99.09,4
2022,Fall,H,107,Y,99.05,4
2024,Winter,H,146,Y,99.04,4
2023,Winter,O,146,Y,99,4
2021,Spring,OC,146,Y,98.9,4
2022,Spring,H,146,N,98.89,4
2023,Spring,O,146,Y,98.87,4
2023,Fall,H,146,N,98.85,4
2022,Summer,O,211,N,98.85,4
2022,Winter,H,146,Y,98.85,4
2021,Summer,OC,146,Y,98.8,4
2022,Summer,O,211,N,98.73,4
2022,Winter,H,107,Y,98.71,4
2022,Fall,H,107,Y,98.62,4
2023,Spring,O,146,N,98.62,4
2024,Winter,O,146,Y,98.61,4
2023,Spring,O,146,N,98.55,4
2022,Spring,H,146,Y,98.49,4
2024,Winter,O,146,Y,98.45,4
2022,Summer,O,211,N,98.43,4
2021,Winter,OC,146,N,98.4,4
2021,Fall,H,146,N,98.39,4
2019,Summer,IP,152,N,98.39,4
2021,Winter,OC,146,N,98.38,4
2023,Spring,O,146,Y,98.36,4
2020,Spring,OC,211,N,98.36,4
2022,Fall,H,146,Y,98.33,4
2020,Fall,IP,146,Y,98.32,4
2021,Spring,OC,146,Y,98.32,4
2022,Summer,O,146,Y,98.26,4
2019,Spring,IP,146,N,98.24,4
2021,Spring,OC,146,Y,98.19,4
2019,Winter,IP,141,N,98.19,4
2024,Fall,O,146,N,98.15,4
2024,Winter,H,146,Y,98.13,4
2022,Summer,O,146,Y,98.11,4
2023,Fall,H,211,N,98.1,4
2022,Winter,H,146,Y,98.03,4
2024,Fall,O,146,N,98,4
2020,Summer,OC,211,N,97.99,4
2022,Summer,O,211,N,97.99,4
2022,Summer,O,211,N,97.98,4
2021,Winter,OC,146,Y,97.97,4
2022,Summer,O,211,N,97.9,4
2021,Spring,OC,146,Y,97.87,4
2022,Summer,O,211,N,97.84,4
2022,Spring,H,146,Y,97.83,4
2020,Summer,OC,211,N,97.83,4
2021,Summer,OC,146,Y,97.82,4
2024,Fall,O,146,N,97.81,4
2020,Fall,OC,208,N,97.77,4
2024,Summer,O,148,N,97.76,4
2020,Summer,OC,152,N,97.76,4
2020,Spring,OC,211,N,97.74,4
2023,Fall,H,146,N,97.73,4
2021,Winter,OC,146,N,97.73,4
2021,Fall,H,146,Y,97.68,4
2023,Winter,O,146,Y,97.64,4
2023,Fall,H,211,N,97.63,4
2022,Fall,H,146,Y,97.62,4
2022,Fall,H,107,Y,97.62,4
2022,Summer,O,211,N,97.62,4
2021,Winter,OC,146,N,97.61,4
2022,Summer,O,146,Y,97.58,4
2022,Summer,O,146,Y,97.56,4
2023,Spring,O,146,N,97.54,4
2024,Winter,O,146,Y,97.4,4
2020,Fall,IP,146,Y,97.35,4
2023,Fall,H,211,N,97.33,4
2021,Winter,OC,146,N,97.28,4
2021,Winter,OC,146,N,97.28,4
2023,Winter,O,146,Y,97.28,4
2024,Winter,H,146,Y,97.26,4
2021,Summer,OC,146,Y,97.24,4
2020,Summer,OC,211,N,97.19,4
2020,Spring,OC,211,N,97.16,4
2021,Spring,OC,146,Y,97.08,4
2021,Winter,OC,146,N,97.07,4
2022,Summer,O,146,Y,97.05,4
2021,Winter,OC,146,N,97.04,4
2024,Summer,O,148,N,97.01,4
2020,Summer,OC,211,N,97,4
2023,Fall,H,146,N,96.98,4
2024,Fall,O,146,N,96.96,4
2024,Summer,O,148,N,96.91,4
2019,Fall,IP,146,Y,96.87,4
2022,Winter,H,146,Y,96.87,4
2021,Spring,OC,146,Y,96.85,4
2020,Fall,OC,208,N,96.83,4
2019,Spring,IP,146,N,96.75,4
2022,Winter,H,107,Y,96.73,4
2024,Fall,H,107,Y,96.72,4
2021,Fall,H,146,Y,96.72,4
2020,Spring,OC,152,N,96.71,4
2020,Summer,OC,211,N,96.68,4
2024,Summer,O,146,Y,96.64,4
2021,Winter,OC,146,N,96.6,4
2023,Winter,O,146,Y,96.6,4
2023,Spring,O,146,N,96.58,4
2019,Summer,IP,152,N,96.53,4
2024,Winter,O,146,Y,96.52,4
2023,Fall,H,146,N,96.5,4
2022,Summer,O,211,N,96.5,4
2023,Spring,O,146,Y,96.48,4
2021,Fall,H,146,Y,96.47,4
2021,Spring,OC,146,Y,96.47,4
2020,Spring,OC,211,N,96.45,4
2022,Summer,O,211,N,96.44,4
2019,Winter,IP,152,N,96.44,4
2023,Spring,O,146,N,96.43,4
2020,Summer,OC,211,N,96.43,4
2023,Spring,O,146,Y,96.42,4
2022,Winter,H,107,Y,96.37,4
2021,Summer,OC,146,Y,96.35,4
2021,Summer,OC,146,Y,96.33,4
2020,Spring,OC,211,N,96.26,4
2024,Summer,O,211,N,96.26,4
2021,Spring,OC,146,Y,96.2,4
2021,Fall,H,146,Y,96.16,4
2020,Summer,OC,211,N,96.15,4
2021,Winter,OC,146,N,96.14,4
2024,Winter,O,146,Y,96.13,4
2020,Fall,OC,208,N,96.09,4
2024,Fall,H,99,Y,96.08,4
2021,Winter,OC,146,N,96.06,4
2021,Spring,OC,146,Y,96.05,4
2020,Summer,OC,211,N,96.05,4
2021,Fall,H,146,N,96.02,4
2023,Spring,O,146,N,96.01,4
2021,Fall,H,146,N,96,4
2019,Spring,IP,146,N,95.96,4
2023,Spring,O,146,Y,95.93,4
2021,Summer,OC,146,Y,95.93,4
2019,Winter,IP,141,N,95.93,4
2021,Spring,OC,146,Y,95.87,4
2021,Summer,OC,146,Y,95.83,4
2024,Winter,O,146,Y,95.81,4
2021,Summer,OC,146,Y,95.7,4
2021,Winter,OC,146,N,95.66,4
2022,Summer,O,211,N,95.63,4
2021,Fall,H,146,N,95.6,4
2021,Fall,H,146,Y,95.56,4
2023,Fall,H,211,N,95.56,4
2022,Summer,O,146,Y,95.56,4
2020,Fall,IP,146,Y,95.54,4
2020,Spring,OC,211,N,95.53,4
2021,Winter,OC,146,N,95.51,4
2020,Spring,OC,152,N,95.46,4
2020,Spring,OC,211,N,95.44,4
2021,Winter,OC,146,Y,95.4,4
2024,Fall,O,146,N,95.39,4
2022,Summer,O,211,N,95.36,4
2024,Winter,H,146,Y,95.36,4
2023,Spring,O,146,N,95.35,4
2022,Fall,H,146,Y,95.3,4
2020,Summer,OC,211,N,95.29,4
2022,Summer,O,211,N,95.23,4
2019,Winter,IP,141,N,95.17,4
2019,Fall,IP,146,Y,95.15,4
2022,Summer,O,146,Y,95.14,4
2020,Fall,IP,146,Y,95.12,4
2024,Winter,O,146,Y,95.11,4
2022,Summer,O,146,Y,95.07,4
2020,Summer,OC,211,N,95.07,4
2020,Spring,OC,211,N,95.05,4
2020,Fall,OC,146,Y,95,4
2020,Fall,OC,146,Y,95,4
2020,Fall,OC,146,Y,95,4
2020,Fall,OC,146,Y,95,4
2020,Fall,OC,146,Y,95,4
2019,Summer,IP,152,N,95,4
2024,Summer,O,211,N,94.96,4
2024,Winter,H,146,Y,94.96,4
2024,Winter,O,146,Y,94.93,4
2022,Fall,H,146,Y,94.91,4
2020,Fall,OC,208,N,94.85,4
2022,Spring,H,146,Y,94.8,4
2021,Fall,H,146,Y,94.79,4
2021,Winter,OC,146,N,94.78,4
2024,Fall,H,99,Y,94.76,4
2020,Spring,OC,211,N,94.76,4
2021,Spring,OC,146,Y,94.75,4
2021,Winter,OC,146,N,94.69,4
2020,Fall,OC,208,N,94.68,4
2023,Spring,O,146,Y,94.64,4
2019,Fall,IP,146,Y,94.56,4
2021,Winter,OC,146,N,94.56,4
2024,Fall,H,99,Y,94.55,4
2021,Winter,OC,146,N,94.5,4
2022,Spring,H,146,Y,94.47,4
2021,Winter,OC,146,N,94.33,3.9
2023,Winter,H,151,N,94.25,1.8
2020,Spring,OC,211,N,94.23,4
2022,Winter,H,107,Y,94.21,4
2022,Fall,H,146,Y,94.18,3.9
2020,Fall,OC,208,N,94.14,4
2022,Summer,O,146,Y,94.14,4
2020,Spring,OC,211,N,94.12,4
2021,Winter,OC,146,N,93.92,3.9
2020,Summer,OC,211,N,93.89,4
2020,Summer,OC,211,N,93.88,3.9
2020,Summer,OC,152,N,93.87,3.9
2023,Winter,O,146,Y,93.86,3.9
2020,Spring,OC,152,N,93.84,4
2020,Summer,OC,152,N,93.82,3.9
2024,Summer,O,148,N,93.8,3.9
2022,Winter,H,146,Y,93.77,3.9
2020,Fall,OC,208,N,93.71,3.9
2019,Winter,IP,152,N,93.71,4
2023,Fall,H,146,N,93.64,3.9
2020,Spring,OC,152,N,93.64,4
2024,Summer,O,148,N,93.63,3.9
2023,Winter,H,151,N,93.63,0
2024,Spring,H,146,Y,93.6,4
2021,Winter,OC,146,Y,93.55,3.9
2019,Winter,IP,98,N,93.54,3.8
2024,Winter,O,146,Y,93.53,3.8
2023,Winter,H,151,N,93.51,4
2019,Winter,IP,98,N,93.5,3.9
2021,Spring,OC,146,Y,93.49,4
2023,Winter,H,151,N,93.46,4
2021,Spring,OC,146,Y,93.44,3.9
2022,Summer,O,146,Y,93.23,3.9
2023,Spring,O,146,Y,93.17,3.8
2019,Winter,IP,98,N,93.17,3.9
2022,Fall,H,107,Y,93.11,3.8
2021,Summer,OC,146,Y,93.1,3.8
2021,Summer,OC,146,Y,93.09,3.8
2020,Summer,OC,152,N,93.01,3.8
2019,Spring,IP,142,N,92.92,4
2021,Winter,OC,146,N,92.9,3.8
2024,Fall,O,146,N,92.8,3.8
2021,Fall,H,146,N,92.8,3.9
2021,Winter,OC,146,Y,92.79,3.8
2023,Spring,O,146,Y,92.76,3.8
2020,Fall,IP,146,Y,92.75,4
2020,Fall,IP,146,Y,92.74,4
2024,Fall,H,99,Y,92.73,3.8
2021,Summer,OC,146,Y,92.68,3.8
2021,Fall,H,146,N,92.66,3.9
2020,Summer,OC,211,N,92.61,3.8
2022,Summer,O,211,N,92.6,3.8
2019,Spring,IP,146,N,92.49,3.8
2022,Fall,H,146,Y,92.45,3.7
2022,Fall,H,107,Y,92.45,3.8
2023,Spring,O,146,Y,92.39,3.7
2022,Summer,O,211,N,92.38,3.8
2021,Winter,OC,146,N,92.38,3.7
2021,Summer,OC,146,Y,92.37,3.8
2024,Fall,H,99,Y,92.31,3.7
2020,Spring,OC,211,N,92.18,3.9
2019,Winter,IP,141,N,92.17,3.9
2019,Spring,IP,146,N,92.11,3.8
2021,Fall,H,146,Y,92.1,3.8
2020,Spring,OC,211,N,92.1,3.9
2024,Fall,H,99,Y,92.08,3.7
2021,Fall,H,146,N,92.06,3.8
2019,Fall,IP,152,Y,92.05,3.9
2023,Winter,O,146,Y,92.03,3.8
2022,Winter,H,107,Y,92.01,3.8
2020,Spring,OC,152,N,91.98,4
2023,Winter,H,151,N,91.95,3.6
2020,Summer,OC,211,N,91.81,3.7
2019,Summer,IP,152,N,91.65,4
2023,Spring,O,146,N,91.64,3.7
2019,Winter,IP,98,N,91.63,3.8
2021,Winter,OC,146,N,91.61,3.7
2019,Summer,IP,152,N,91.59,4
2019,Summer,IP,152,N,91.55,4
2021,Spring,OC,146,Y,91.51,3.7
2019,Fall,IP,152,Y,91.47,3.9
2024,Fall,O,146,N,91.42,3.6
2020,Summer,OC,152,N,91.42,3.8
2022,Fall,H,146,Y,91.38,3.7
2020,Fall,OC,208,N,91.32,3.7
2024,Winter,O,146,Y,91.29,3.6
2024,Fall,H,99,Y,91.28,3.6
2019,Winter,IP,152,N,91.26,3.9
2024,Summer,O,146,Y,91.19,3.6
2020,Fall,OC,208,N,91.17,3.7
2019,Fall,IP,152,Y,91.16,3.8
2023,Winter,H,151,N,91.16,2.6
2024,Summer,O,146,Y,91.11,3.6
2019,Summer,IP,152,N,91.11,4
2021,Summer,OC,146,Y,91.08,3.7
2023,Spring,O,146,Y,91.06,3.6
2020,Fall,OC,208,N,90.99,3.7
2019,Summer,IP,152,N,90.99,4
2022,Winter,H,146,Y,90.99,3.6
2021,Winter,OC,146,Y,90.97,3.7
2022,Fall,H,107,Y,90.94,3.7
2021,Spring,OC,146,Y,90.92,3.7
2024,Summer,O,148,N,90.91,3.6
2021,Spring,OC,146,Y,90.82,3.7
2023,Winter,H,151,N,90.8,1.5
2024,Winter,H,146,Y,90.78,3.6
2020,Spring,OC,211,N,90.77,3.9
2019,Spring,IP,146,N,90.74,3.8
2021,Summer,OC,146,Y,90.73,3.7
2024,Winter,O,146,Y,90.49,3.6
2020,Fall,OC,208,N,90.45,3.7
2020,Spring,OC,152,N,90.45,4
2020,Spring,OC,211,N,90.37,3.9
2021,Fall,H,146,Y,90.27,3.7
2019,Fall,IP,152,Y,90.23,3.7
2023,Spring,O,146,Y,90.11,3.5
2020,Summer,OC,152,N,90.03,3.7
2023,Spring,O,146,Y,89.98,3.5
2021,Summer,OC,146,Y,89.97,3.7
2020,Fall,OC,208,N,89.94,3.7
2019,Spring,IP,142,N,89.94,3.7
2019,Winter,IP,98,N,89.88,3.7
2020,Summer,OC,211,N,89.85,3.5
2023,Fall,H,146,N,89.82,3.5
2024,Spring,H,146,Y,89.75,3.5
2021,Fall,H,146,N,89.62,3.7
2021,Spring,OC,146,Y,89.59,3.6
2021,Winter,OC,146,N,89.52,3.6
2024,Fall,H,107,Y,89.51,3.5
2022,Spring,H,146,N,89.49,3.6
2022,Winter,H,146,Y,89.43,3.6
2020,Summer,OC,211,N,89.37,3.5
2021,Winter,OC,146,Y,89.31,3.6
2021,Fall,H,146,N,89.25,3.7
2021,Spring,OC,146,Y,89.25,3.6
2019,Winter,IP,98,N,89.19,3.7
2024,Winter,O,146,Y,89.13,3.4
2024,Fall,O,146,N,89.12,3.4
2019,Winter,IP,141,N,89.11,3.8
2020,Summer,OC,152,N,89.05,3.7
2020,Spring,OC,211,N,89,3.9
2024,Summer,O,148,N,88.96,3.4
2022,Winter,H,146,Y,88.9,3.6
2021,Winter,OC,146,Y,88.89,3.6
2024,Summer,O,146,Y,88.86,3.4
2019,Winter,IP,141,N,88.85,3.8
2020,Spring,OC,152,N,88.82,3.9
2019,Winter,IP,152,N,88.82,3.8
2023,Winter,H,151,N,88.78,3.3
2019,Summer,IP,152,N,88.75,3.8
2023,Fall,H,146,N,88.73,3.4
2022,Summer,O,146,Y,88.73,3.6
2020,Spring,OC,152,N,88.69,3.9
2021,Winter,OC,146,N,88.54,3.5
2022,Fall,H,107,Y,88.46,3.5
2022,Spring,H,146,Y,88.42,3.6
2024,Summer,O,146,Y,88.41,3.3
2019,Fall,IP,146,Y,88.39,3.6
2019,Spring,IP,146,N,88.36,3.7
2023,Fall,H,146,N,88.26,3.3
2024,Fall,H,99,Y,88.24,3.4
2022,Summer,O,211,N,88.24,3.5
2019,Winter,IP,141,N,88.24,3.7
2021,Fall,H,146,N,88.21,3.5
2020,Summer,OC,152,N,88.1,3.6
2020,Spring,OC,211,N,88.07,3.8
2021,Winter,OC,146,N,88.01,3.5
2024,Summer,O,211,N,87.94,3.3
2023,Winter,O,146,Y,87.94,3.3
2019,Winter,IP,141,N,87.9,3.7
2024,Fall,O,146,N,87.83,3.3
2024,Summer,O,148,N,87.83,3.3
2023,Spring,O,146,Y,87.74,3.3
2024,Summer,O,211,N,87.69,3.3
2019,Spring,IP,142,N,87.63,3.5
2023,Fall,H,146,N,87.61,3.3
2022,Fall,H,107,Y,87.59,3.5
2021,Spring,OC,146,Y,87.59,3.5
2023,Spring,O,146,N,87.57,3.3
2020,Fall,IP,146,Y,87.55,3.6
2020,Fall,IP,146,Y,87.49,3.5
2020,Summer,OC,152,N,87.48,3.5
2019,Summer,IP,152,N,87.44,3.8
2020,Fall,IP,146,Y,87.4,3.6
2022,Fall,H,107,Y,87.36,3.5
2022,Summer,O,211,N,87.33,3.4
2020,Spring,OC,211,N,87.32,3.7
2023,Winter,H,151,N,87.3,3.2
2021,Winter,OC,146,N,87.24,3.5
2024,Spring,H,107,Y,87.21,3.2
2020,Spring,OC,211,N,87.21,3.7
2021,Winter,OC,146,Y,87.21,3.5
2023,Spring,O,146,N,87.19,3.2
2019,Fall,IP,146,Y,87.17,3.5
2019,Winter,IP,152,N,87.15,3.5
2024,Spring,H,146,Y,87.13,3.2
2020,Spring,OC,211,N,87.13,3.7
2023,Winter,H,151,N,87.12,0
2024,Winter,O,146,Y,87.11,3.2
2019,Fall,IP,146,Y,87.05,3.5
2021,Spring,OC,146,Y,86.89,3.4
2019,Winter,IP,141,N,86.89,3.6
2020,Summer,OC,152,N,86.88,3.5
2021,Spring,OC,146,Y,86.82,3.3
2021,Summer,OC,146,Y,86.79,3.5
2023,Winter,O,146,Y,86.76,3.2
2023,Winter,O,146,Y,86.7,3.2
2021,Fall,H,146,N,86.67,3.6
2021,Winter,OC,146,Y,86.6,3.4
2024,Summer,O,211,N,86.59,3.2
2021,Summer,OC,146,Y,86.57,3.5
2020,Spring,OC,152,N,86.55,3.8
2019,Summer,IP,152,N,86.52,3.8
2023,Winter,H,151,N,86.52,3.1
2022,Summer,O,211,N,86.5,3.4
2024,Fall,O,146,N,86.46,3.2
2019,Spring,IP,146,N,86.46,3.6
2022,Summer,O,146,Y,86.42,3.4
2024,Summer,O,211,N,86.37,3.1
2019,Winter,IP,152,N,86.35,3.5
2023,Winter,O,146,Y,86.33,3.1
2020,Fall,IP,146,Y,86.17,3.5
2023,Winter,H,151,N,86.16,2.5
2019,Spring,IP,146,N,86.12,3.6
2022,Winter,H,146,Y,86.11,3.4
2024,Fall,O,146,N,85.96,3.1
2022,Spring,H,146,N,85.96,3.3
2019,Spring,IP,146,N,85.96,3.6
2020,Spring,OC,211,N,85.91,3.6
2019,Summer,IP,152,N,85.88,3.7
2020,Summer,OC,211,N,85.78,3.3
2023,Fall,H,146,N,85.74,3.1
2019,Winter,IP,141,N,85.71,3.6
2022,Summer,O,146,Y,85.7,3.4
2019,Summer,IP,152,N,85.63,3.7
2022,Summer,O,146,Y,85.61,3.4
2021,Fall,H,146,Y,85.6,3.3
2020,Spring,OC,211,N,85.6,3.6
2024,Spring,H,107,Y,85.51,3.1
2020,Fall,OC,208,N,85.5,3.3
2021,Fall,H,146,N,85.43,3.4
2020,Summer,OC,152,N,85.43,3.3
2023,Winter,O,146,Y,85.41,3
2023,Fall,H,146,N,85.33,3.1
2020,Summer,OC,152,N,85.31,3.4
2024,Fall,H,107,Y,85.26,3
2021,Spring,OC,146,Y,85.23,3.3
2019,Spring,IP,146,N,85.22,3.6
2023,Fall,H,211,N,85.17,3
2019,Fall,IP,146,Y,85.09,3.5
2020,Spring,OC,152,N,84.9,3.5
2024,Fall,H,107,Y,84.69,3
2021,Summer,OC,146,Y,84.68,3.4
2020,Summer,OC,152,N,84.66,3.3
2024,Fall,H,99,Y,84.63,3
2021,Summer,OC,146,Y,84.63,3.4
2024,Fall,O,146,N,84.59,3
2021,Fall,H,146,N,84.54,3.3
2021,Summer,OC,146,Y,84.44,3.4
2023,Fall,H,146,N,84.43,2.9
2019,Spring,IP,146,N,84.42,3.4
2022,Summer,O,146,Y,84.39,3.2
2022,Winter,H,146,Y,84.38,3.2
2020,Spring,OC,152,N,84.36,3.5
2020,Summer,OC,152,N,84.35,3.3
2019,Fall,IP,146,Y,84.33,3.4
2020,Spring,OC,211,N,84.32,3.4
2022,Winter,H,107,Y,84.29,3.1
2024,Winter,O,146,Y,84.27,2.9
2020,Summer,OC,152,N,84.24,3.3
2020,Spring,OC,211,N,84.23,3.4
2019,Fall,IP,146,Y,84.22,3.4
2019,Summer,IP,152,N,84.17,3.5
2020,Fall,IP,146,Y,84.15,3.4
2020,Fall,IP,146,Y,84.03,3.4
2020,Spring,OC,211,N,84,3.4
2021,Summer,OC,146,Y,83.99,3.2
2024,Winter,O,146,Y,83.98,2.9
2019,Winter,IP,152,N,83.92,3.4
2019,Winter,IP,98,N,83.75,3.4
2021,Summer,OC,146,Y,83.73,3.2
2020,Spring,OC,152,N,83.66,3.4
2023,Fall,H,146,N,83.62,2.9
2021,Summer,OC,146,Y,83.57,3.1
2022,Winter,H,146,Y,83.53,3.2
2019,Winter,IP,152,N,83.49,3.4
2022,Summer,O,211,N,83.44,3.1
2020,Spring,OC,211,N,83.38,3.3
2021,Fall,H,146,Y,83.29,3.1
2019,Fall,IP,142,Y,83.17,3.3
2024,Spring,H,107,Y,83.05,2.8
2019,Spring,IP,146,N,82.96,3.4
2019,Summer,IP,152,N,82.93,3.5
2023,Spring,O,146,N,82.84,2.7
2022,Spring,H,146,Y,82.77,3.1
2022,Fall,H,146,Y,82.71,3.1
2023,Winter,O,146,Y,82.52,2.8
2020,Spring,OC,211,N,82.5,3.3
2024,Winter,H,146,Y,82.35,2.7
2024,Summer,O,148,N,82.31,2.7
2023,Spring,O,146,Y,82.26,2.7
2019,Spring,IP,142,N,82.23,3.4
2022,Summer,O,146,Y,82.23,3
2024,Summer,O,148,N,82.16,2.7
2020,Fall,OC,208,N,82.09,3
2019,Summer,IP,152,N,82.05,3.4
2019,Spring,IP,146,N,82.01,3.2
2021,Spring,OC,146,Y,81.97,3
2020,Summer,OC,152,N,81.92,3.1
2020,Summer,OC,152,N,81.9,3.1
2024,Summer,O,148,N,81.82,2.7
2019,Winter,IP,98,N,81.82,3.3
2019,Winter,IP,98,N,81.77,3.2
2021,Spring,OC,146,Y,81.68,3
2019,Fall,IP,146,Y,81.66,3.2
2024,Summer,O,148,N,81.62,2.7
2019,Winter,IP,98,N,81.57,3.3
2019,Spring,IP,142,N,81.54,3.3
2023,Winter,H,151,N,81.48,4
2021,Fall,H,146,N,81.47,2.9
2023,Spring,O,146,N,81.39,2.6
2023,Spring,O,146,Y,81.38,2.6
2023,Fall,H,211,N,81.35,2.6
2023,Spring,O,146,N,81.29,2.6
2019,Fall,IP,146,Y,81.26,3.1
2019,Winter,IP,141,N,81.26,3.2
2022,Fall,H,107,Y,81.25,3
2020,Summer,OC,152,N,81.22,3.1
2021,Summer,OC,146,Y,81.19,2.9
2024,Fall,O,146,N,81.17,2.6
2020,Summer,OC,211,N,80.85,2.9
2024,Summer,O,148,N,80.83,2.6
2021,Fall,H,146,Y,80.79,2.8
2024,Spring,H,146,Y,80.72,2.6
2021,Winter,OC,146,N,80.72,2.9
2021,Spring,OC,146,Y,80.71,2.9
2019,Spring,IP,146,N,80.59,3.1
2019,Fall,IP,146,Y,80.58,3.1
2020,Spring,OC,211,N,80.54,3
2024,Fall,H,99,Y,80.41,0
2023,Winter,H,151,N,80.28,2
2022,Spring,H,146,Y,80.27,2.8
2022,Spring,H,146,Y,80.25,2.8
2021,Summer,OC,146,Y,80.23,2.8
2019,Winter,IP,98,N,80.21,3
2021,Winter,OC,146,N,80.18,2.8
2022,Fall,H,107,Y,80.12,2.9
2024,Spring,H,146,Y,80.12,2.5
2020,Spring,OC,211,N,80.12,3
2024,Spring,H,107,Y,80.1,2.5
2021,Fall,H,146,N,80.06,2.8
2024,Summer,O,146,Y,80.06,2.5
2024,Summer,O,148,N,79.92,2.5
2021,Spring,OC,146,Y,79.91,2.8
2019,Summer,IP,152,N,79.75,3.1
2024,Winter,O,146,Y,79.68,2.5
2024,Summer,O,148,N,79.61,2.5
2024,Fall,H,107,Y,79.55,2.5
2019,Fall,IP,152,Y,79.51,3
2023,Winter,H,151,N,79.48,2.4
2023,Fall,H,146,N,79.35,2.4
2024,Spring,H,107,Y,79.27,2.4
2020,Spring,OC,152,N,79.24,2.9
2023,Winter,H,151,N,79.2,2.4
2019,Fall,IP,152,Y,79.16,3
2024,Fall,O,146,N,79.13,2.4
2021,Winter,OC,146,N,79.1,2.8
2022,Fall,H,107,Y,79.05,2.8
2020,Fall,IP,146,Y,79,3
2024,Spring,H,107,Y,78.98,2.4
2024,Summer,O,148,N,78.98,2.4
2023,Spring,O,146,N,78.97,2.4
2021,Fall,H,146,N,78.75,2.4
2024,Fall,O,146,N,78.74,2.4
2019,Spring,IP,146,N,78.74,2.9
2020,Spring,OC,152,N,78.68,2.9
2022,Spring,H,146,N,78.65,2.3
2019,Summer,IP,152,N,78.63,3
2022,Fall,H,146,Y,78.62,2.4
2021,Summer,OC,146,Y,78.58,2.6
2024,Winter,H,146,Y,78.53,2.3
2023,Fall,H,146,N,78.49,2.3
2021,Spring,OC,146,Y,78.43,2.7
2023,Spring,O,146,N,78.32,2.3
2022,Fall,H,146,Y,78.28,2.3
2020,Spring,OC,211,N,78.28,2.9
2021,Winter,OC,146,N,78.25,2.5
2023,Winter,O,146,Y,78.21,2.3
2024,Spring,H,107,Y,78.16,2.3
2023,Winter,H,151,N,78.16,2.3
2022,Summer,O,146,Y,78.06,2.3
2019,Winter,IP,98,N,77.98,2.8
2020,Fall,IP,146,Y,77.82,2.8
2020,Spring,OC,211,N,77.7,2.8
2019,Winter,IP,152,N,77.6,2.8
2021,Spring,OC,146,Y,77.55,2.2
2020,Spring,OC,211,N,77.55,2.8
2021,Winter,OC,146,N,77.52,2.3
2020,Spring,OC,152,N,77.43,2.7
2020,Summer,OC,211,N,77.43,2.3
2023,Winter,H,151,N,77.27,2.2
2020,Summer,OC,211,N,77.23,2.3
2019,Spring,IP,146,N,77.21,2.7
2023,Spring,O,146,N,77.2,2.2
2022,Summer,O,211,N,77.2,2.2
2023,Spring,O,146,N,77.12,2.2
2019,Spring,IP,146,N,77.12,2.7
2021,Fall,H,146,Y,77.01,2.2
2019,Winter,IP,98,N,77.01,2.8
2023,Spring,O,146,N,77,2.2
2019,Winter,IP,141,N,76.87,2.7
2021,Winter,OC,146,N,76.73,2.1
2020,Fall,OC,208,N,76.71,2.2
2021,Winter,OC,146,Y,76.71,2
2020,Fall,OC,208,N,76.65,2.2
2024,Summer,O,146,Y,76.56,2.2
2020,Fall,IP,146,Y,76.49,2.7
2019,Winter,IP,152,N,76.44,2.6
2023,Winter,O,146,Y,76.42,2.1
2019,Fall,IP,146,Y,76.4,2.6
2019,Winter,IP,141,N,76.39,2.7
2019,Spring,IP,142,N,76.28,2.8
2022,Summer,O,211,N,76.22,2.1
2019,Fall,IP,146,Y,76.1,2.6
2019,Summer,IP,152,N,75.91,2.7
2019,Spring,IP,146,N,75.88,2.6
2019,Winter,IP,141,N,75.75,2.6
2019,Summer,IP,152,N,75.74,2.6
2019,Fall,IP,146,Y,75.71,2.6
2024,Fall,O,146,N,75.61,2.1
2020,Fall,IP,146,Y,75.45,2.5
2020,Spring,OC,211,N,75.32,2.5
2023,Winter,H,151,N,75.22,2
2022,Summer,O,146,Y,75.18,2
2020,Summer,OC,211,N,75.12,2
2023,Fall,H,146,N,75.11,2
2020,Fall,IP,146,Y,75.08,2.5
2023,Fall,H,211,N,74.97,2
2020,Fall,IP,146,Y,74.95,2.5
2021,Winter,OC,146,N,74.93,2
2020,Fall,IP,146,Y,74.92,2.5
2019,Spring,IP,146,N,74.76,2.5
2020,Summer,OC,152,N,74.74,2.4
2023,Fall,H,211,N,74.57,2
2021,Summer,OC,146,Y,74.54,2
2023,Spring,O,146,Y,74.53,2
2019,Winter,IP,141,N,74.46,2.5
2021,Summer,OC,146,Y,74.44,2
2019,Winter,IP,141,N,74.41,2.5
2024,Spring,H,146,Y,74.39,2
2023,Winter,H,151,N,74.39,2
2021,Summer,OC,146,Y,74.35,2
2020,Spring,OC,211,N,74.34,2.4
2024,Fall,H,99,Y,74.3,2
2020,Spring,OC,211,N,74.23,2.4
2020,Spring,OC,211,N,74.23,2.4
2019,Summer,IP,152,N,74.12,2.5
2019,Winter,IP,152,N,74.05,2.4
2021,Spring,OC,146,Y,74.02,2
2020,Spring,OC,211,N,74,2.4
2024,Winter,O,146,Y,73.9,2
2020,Spring,OC,211,N,73.87,2.4
2022,Winter,H,146,Y,73.82,2
2021,Winter,OC,146,N,73.79,2
2023,Winter,O,146,Y,73.77,1.9
2023,Winter,O,146,Y,73.71,1.8
2020,Fall,IP,146,Y,73.7,2.4
2019,Summer,IP,152,N,73.7,2.4
2020,Fall,IP,146,Y,73.63,2.4
2019,Fall,IP,152,Y,73.6,2.4
2024,Summer,O,146,Y,73.56,2
2019,Summer,IP,152,N,73.46,2.4
2023,Winter,H,151,N,73.44,3.2
2021,Fall,H,146,N,73.32,2
2024,Spring,H,146,Y,73.13,1.8
2021,Winter,OC,146,Y,73.11,2
2019,Fall,IP,146,Y,73.07,2.3
2020,Fall,OC,208,N,72.95,2
2023,Fall,H,146,N,72.94,1.8
2024,Fall,H,99,Y,72.87,0
2023,Spring,O,146,N,72.76,1.8
2021,Fall,H,146,N,72.71,2
2023,Winter,H,151,N,72.69,3.5
2020,Spring,OC,211,N,72.55,2.3
2019,Winter,IP,152,N,72.51,2.3
2024,Fall,H,99,Y,72.49,1.7
2024,Summer,O,148,N,72.39,1.8
2024,Winter,H,146,Y,72.26,1.7
2019,Spring,IP,146,N,72.13,2.2
2020,Spring,OC,211,N,72.13,2.2
2021,Summer,OC,146,Y,72.04,2
2019,Summer,IP,152,N,71.92,2.3
2019,Fall,IP,146,Y,71.83,2.2
2019,Summer,IP,152,N,71.78,2.3
2020,Fall,IP,146,Y,71.76,2.1
2021,Fall,H,146,N,71.6,2
2024,Spring,H,146,Y,71.5,1.7
2019,Winter,IP,98,N,71.37,2.1
2020,Spring,OC,152,N,71.35,2.1
2024,Summer,O,148,N,71.21,1.6
2024,Winter,O,146,Y,71.09,2
2023,Winter,H,151,N,70.78,3.7
2020,Spring,OC,211,N,70.76,2.1
2021,Summer,OC,146,Y,70.57,2
2021,Summer,OC,146,Y,70.53,2
2019,Winter,IP,141,N,70.5,2.1
2019,Spring,IP,146,N,70.49,2.2
2024,Spring,H,146,Y,70.45,1.5
2022,Summer,O,211,N,70.45,1.7
2021,Spring,OC,146,Y,70.38,1.7
2019,Summer,IP,152,N,70.35,2.2
2019,Fall,IP,146,Y,70.27,2
2021,Fall,H,146,Y,70.24,1.7
2024,Winter,H,146,Y,70.05,1.5
2019,Winter,IP,141,N,70.02,2
2024,Fall,H,107,Y,69.77,1.5
2020,Spring,OC,211,N,69.56,2
2020,Fall,IP,146,Y,69.45,2
2024,Fall,O,146,N,69.29,1.5
2019,Spring,IP,142,N,68.83,2
2019,Summer,IP,152,N,68.82,2
2020,Spring,OC,152,N,68.66,2
2019,Spring,IP,142,N,68.51,2
2024,Summer,O,148,N,68.28,1.3
2024,Summer,O,148,N,68.24,1.3
2019,Fall,IP,146,Y,68.09,2
2022,Winter,H,107,Y,68.07,1.6
2023,Winter,H,151,N,68.02,1.2
2023,Fall,H,146,N,68,1.2
2021,Winter,OC,146,Y,67.94,1.5
2019,Winter,IP,98,N,67.76,2
2023,Spring,O,146,N,67.61,1.1
2023,Fall,H,146,N,67.52,1.2
2020,Spring,OC,211,N,67.48,2
2019,Fall,IP,146,Y,67.43,2
2020,Spring,OC,211,N,67.21,2
2021,Spring,OC,146,Y,67.15,1.5
2020,Summer,OC,152,N,67.12,1.8
2024,Winter,H,146,Y,67.12,1.2
2020,Spring,OC,211,N,67.02,2
2020,Spring,OC,211,N,66.96,2
2021,Winter,OC,146,N,66.94,1.5
2019,Fall,IP,146,Y,66.92,2
2023,Winter,H,151,N,66.52,1.1
2019,Spring,IP,142,N,66.5,1.8
2024,Summer,O,148,N,66.5,1.2
2019,Summer,IP,152,N,66.49,2
2020,Spring,OC,211,N,66.39,1.8
2019,Winter,IP,141,N,66.28,1.7
2019,Summer,IP,152,N,66.18,2
2021,Winter,OC,146,Y,66.16,1.5
2019,Winter,IP,152,N,65.63,1.7
2021,Winter,OC,146,N,65.58,1.4
2019,Spring,IP,146,N,65.12,1.5
2020,Spring,OC,211,N,65.03,1.7
2022,Summer,O,211,N,64.94,1.5
2021,Fall,H,146,Y,64.85,1.5
2019,Spring,IP,142,N,64.65,1.7
2019,Summer,IP,152,N,64.63,2
2024,Summer,O,146,Y,64.52,1
2019,Winter,IP,152,N,64.35,1.4
2019,Fall,IP,142,Y,64.22,1.4
2022,Fall,H,107,Y,64.18,1.4
2019,Summer,IP,152,N,64.09,1.8
2020,Summer,OC,211,N,63.94,1.3
2021,Fall,H,146,Y,63.83,1.4
2020,Spring,OC,152,N,63.82,0
2019,Summer,IP,152,N,63.75,1.8
2020,Spring,OC,211,N,63.53,1.6
2019,Summer,IP,152,N,63.1,2
2021,Spring,OC,146,Y,63.05,1.3
2019,Summer,IP,152,N,62.83,1.5
2019,Spring,IP,142,N,62.53,1.4
2019,Winter,IP,141,N,62.44,1.2
2023,Winter,O,146,Y,62.32,0.8
2022,Fall,H,107,Y,62.23,1.2
2020,Spring,OC,152,N,62.08,0
2019,Fall,IP,107,Y,61.21,1.1
2022,Fall,H,146,Y,61.17,1
2019,Summer,IP,152,N,60.5,1.3
2020,Fall,OC,208,N,60.45,1
2024,Spring,H,146,Y,60.4,0.7
2023,Spring,O,146,Y,60.28,0.8
2019,Winter,IP,98,N,59.88,1
2024,Summer,O,146,Y,59.84,0.7
2024,Fall,H,107,Y,59.64,1
2019,Winter,IP,141,N,59.5,1
2019,Spring,IP,146,N,59,1
2019,Fall,IP,146,Y,58.64,0.9
2023,Winter,H,151,N,58.6,0
2019,Spring,IP,146,N,58.47,1
2021,Spring,OC,146,Y,58.45,0.8
2024,Spring,H,146,Y,57.56,0
2019,Fall,IP,146,Y,57.22,0.7
2024,Summer,O,148,N,57.1,0
2019,Summer,IP,152,N,57.09,1
2024,Winter,H,146,Y,56.8,0
2024,Summer,O,146,Y,56.66,0
2020,Summer,OC,211,N,56.53,0.7
2024,Spring,H,146,Y,55.76,0
2019,Fall,IP,146,Y,55.07,0
2024,Summer,O,148,N,55,0
2022,Fall,H,107,Y,54.92,1
2019,Spring,IP,146,N,54.89,1
2021,Spring,OC,146,Y,54.71,0
2019,Winter,IP,152,N,54.67,0
2022,Fall,H,146,Y,54.31,1
2020,Spring,OC,152,N,54.16,0
2024,Fall,O,146,N,54.04,0
2019,Summer,IP,152,N,53.64,0
2020,Spring,OC,211,N,53.52,0
2021,Fall,H,146,N,53.47,0
2022,Winter,H,107,Y,53.34,0
2019,Spring,IP,146,N,53.19,1
2021,Fall,H,146,Y,52.4,0
2020,Summer,OC,211,N,52.22,0
2019,Spring,IP,146,N,52.04,1
2022,Summer,O,211,N,51.89,0
2024,Winter,H,146,Y,51.77,0
2019,Summer,IP,152,N,51.43,0
2019,Summer,IP,152,N,51.35,0
2022,Winter,H,107,Y,51.3,0
2020,Summer,OC,211,N,51.19,0
2019,Summer,IP,152,N,50.8,0
2022,Fall,H,146,Y,50.64,0
2019,Spring,IP,146,N,50.28,0
2021,Fall,H,146,N,49.04,0
2023,Winter,H,151,N,48.51,3.6
2021,Spring,OC,146,Y,48.41,0
2019,Winter,IP,141,N,47.86,0
2023,Fall,H,146,N,47.65,0
2021,Fall,H,146,N,46.94,0
2019,Winter,IP,141,N,46.9,0
2022,Fall,H,146,Y,46.83,0
2019,Winter,IP,152,N,46.77,0
2021,Summer,OC,146,Y,46.61,0
2024,Summer,O,148,N,46.22,0
2024,Fall,O,146,N,45.98,0
2020,Summer,OC,152,N,44.68,0
2021,Summer,OC,146,Y,44.66,0
2019,Spring,IP,142,N,43.56,0
2024,Winter,H,146,Y,43.54,0
2020,Spring,OC,211,N,43.52,0
2023,Fall,H,146,N,42.86,0
2019,Summer,IP,152,N,42.76,0
2024,Summer,O,211,N,42.72,0
2023,Winter,H,151,N,42.42,2.1
2021,Summer,OC,146,Y,42.17,0
2022,Fall,H,107,Y,42.1,1
2019,Spring,IP,146,N,42.03,0
2020,Spring,OC,211,N,41.37,0
2024,Fall,O,146,N,41.2,0
2021,Fall,H,146,N,41.03,0
2021,Winter,OC,146,Y,40.28,0
2019,Spring,IP,142,N,40.2,0
2019,Summer,IP,152,N,40.12,0
2019,Fall,IP,146,Y,39.92,0
2021,Winter,OC,146,N,39.1,0
2023,Winter,H,151,N,38.43,0
2021,Fall,H,146,N,37.8,0
2020,Spring,OC,211,N,37.68,0
2024,Fall,H,99,Y,37.56,0
2024,Fall,H,107,Y,37.43,1
2023,Winter,H,151,N,37.38,0
2019,Winter,IP,98,N,36.96,0
2024,Winter,H,146,Y,36.79,0
2019,Spring,IP,146,N,36.46,0
2022,Winter,H,146,Y,36.33,0
2021,Winter,OC,146,Y,35.99,0
2023,Winter,H,151,N,35.97,0
2023,Winter,H,151,N,35.93,0
2024,Winter,O,146,Y,35.77,0
2022,Spring,H,146,Y,35.59,0
2021,Winter,OC,146,N,34.87,0
2023,Winter,H,151,N,34.62,3.9
2024,Summer,O,148,N,33.98,0
2024,Fall,O,146,N,33.8,0
2022,Fall,H,107,Y,33.57,0
2021,Spring,OC,146,Y,33.56,0
2023,Spring,O,146,N,33.56,0
2020,Fall,IP,146,Y,32.79,0
2024,Fall,H,99,Y,32.72,0
2024,Spring,H,146,Y,32.34,0
2024,Summer,O,146,Y,31.72,0
2020,Fall,IP,146,Y,31.56,0
2020,Fall,OC,208,N,31.13,0
2023,Winter,H,151,N,31.1,3.1
2024,Spring,H,146,Y,29.79,0
2022,Fall,H,107,Y,29.5,0
2020,Spring,OC,211,N,28.95,0
2023,Spring,O,146,N,28.9,0
2023,Winter,H,151,N,28.42,0
2019,Winter,IP,152,N,28.27,0
2024,Fall,H,99,Y,28.09,0
2022,Summer,O,146,Y,27.93,0
2021,Winter,OC,146,N,27.77,0
2020,Spring,OC,211,N,27.7,0
2022,Fall,H,146,Y,27.53,0
2022,Fall,H,146,Y,27.5,0
2021,Fall,H,146,Y,27.25,0
2024,Summer,O,148,N,27.13,0
2019,Summer,IP,152,N,26.49,0
2024,Summer,O,148,N,26.33,0
2019,Winter,IP,98,N,25.5,0
2019,Winter,IP,98,N,25.49,0
2022,Fall,H,107,Y,25.36,0
2019,Spring,IP,146,N,25.07,0
2024,Summer,O,146,Y,24.92,0
2024,Spring,H,146,Y,24.58,0
2023,Winter,O,146,Y,24.55,0
2021,Summer,OC,146,Y,24.34,0
2019,Winter,IP,141,N,23.75,0
2019,Winter,IP,98,N,22.68,0
2020,Fall,OC,208,N,22.59,0
2019,Winter,IP,152,N,22.18,0
2023,Winter,H,151,N,22.05,0
2024,Summer,O,146,Y,21.9,0
2024,Fall,H,107,Y,21.62,1
2019,Spring,IP,142,N,21.12,0
2020,Spring,OC,152,N,21.06,0
2021,Fall,H,146,N,20.32,0
2023,Spring,O,146,N,19.63,0
2024,Spring,H,146,Y,19.56,0
2023,Spring,O,146,Y,19.44,0
2021,Spring,OC,146,Y,19.01,0
2021,Spring,OC,146,Y,18.94,0
2020,Summer,OC,152,N,18.55,0
2023,Spring,O,146,N,18.53,0
2020,Fall,OC,208,N,18.23,0
2024,Spring,H,107,Y,17.24,0
2020,Fall,IP,146,Y,17.19,0
2024,Fall,H,99,Y,16.94,0
2024,Summer,O,211,N,16.33,0
2022,Summer,O,146,Y,16,0
2023,Spring,O,146,N,15.53,0
2021,Winter,OC,146,N,13.66,0
2022,Winter,H,107,Y,13.52,0
2021,Winter,OC,146,N,13.41,0
2024,Summer,O,146,Y,11.83,0
2020,Spring,OC,152,N,11.3,0
2021,Fall,H,146,N,11.27,0
2024,Fall,H,99,Y,10.52,0
2023,Fall,H,211,N,10.5,0
2020,Summer,OC,211,N,9.76,0
2020,Spring,OC,152,N,9.6,0
2024,Spring,H,107,Y,9.47,0
2024,Spring,H,146,Y,8.73,0
2020,Summer,OC,152,N,7.63,0
2019,Winter,IP,98,N,7.53,0
2024,Summer,O,146,Y,7.37,0
2022,Spring,H,146,Y,7.23,0
2021,Winter,OC,146,N,7.09,0
2022,Winter,H,146,Y,5.59,0
2024,Fall,O,146,N,5.55,0
2020,Summer,OC,152,N,5.46,0
2023,Winter,H,151,N,4.8,0
2022,Winter,H,146,Y,4.7,0
2020,Fall,IP,146,Y,4.46,0
2021,Fall,H,146,Y,4.3,0
2024,Summer,O,146,Y,4.22,0
2022,Winter,H,107,Y,4.13,0
2020,Fall,OC,146,Y,3.9,3.9
2020,Fall,OC,146,Y,3.8,3.8
2020,Fall,OC,146,Y,3.8,3.8
2020,Fall,OC,146,Y,3.8,3.8
2020,Fall,OC,146,Y,3.7,3.7
2020,Fall,OC,146,Y,3.7,3.7
2023,Winter,H,151,N,3.6,3.6
2020,Fall,OC,146,Y,3.5,3.5
2020,Fall,OC,146,Y,3.5,3.5
2020,Fall,OC,146,Y,3.5,3.5
2020,Fall,OC,146,Y,3,3
2020,Fall,OC,146,Y,3,3
2020,Fall,OC,146,Y,3,3
2023,Winter,H,151,N,2.9,2.9
2021,Winter,OC,146,N,1.96,0
2024,Fall,O,146,N,1.91,0
2023,Winter,H,151,N,1.76,0
2020,Fall,OC,146,Y,1.6,1.6
2021,Fall,H,146,N,1.39,0
2019,Winter,IP,141,N,1.13,0
2021,Summer,OC,146,Y,1,0
2023,Winter,H,151,N,0.56,0
2022,Fall,H,146,Y,0.5,0
2020,Fall,OC,146,Y,0,0
2020,Fall,OC,146,Y,0,0
2020,Fall,OC,146,Y,0,0
2021,Fall,H,146,Y,0,0
2021,Fall,H,146,N,0,0
2022,Spring,H,146,Y,0,0
2023,Spring,O,146,N,0,0
2023,Spring,O,146,N,0,0
2023,Winter,H,151,N,0,0
2023,Winter,H,151,N,0,0
2019,Winter,IP,152,N,0,0
2023,Winter,H,151,N,,0
2023,Winter,H,151,N,,1.8