,,,,,,,,
,,,,,,,,
,,,,,,,,
,,,,,,,,
,,,,,,,,
Class Size,Teacher Exp (years),Math Score,Sex of Child,,Class Size,Teacher Exp (years),Math Score,Sex of Child
regular,0,423,girl,,small.class,0,559,boy
regular,0,444,boy,,small.class,0,528,boy
regular,0,528,boy,,small.class,0,513,boy
regular,0,463,boy,,small.class,0,489,boy
regular,0,520,boy,,small.class,0,513,boy
regular,0,513,girl,,small.class,0,473,boy
regular,0,576,boy,,small.class,0,473,boy
regular,0,454,boy,,small.class,0,576,boy
regular,0,513,boy,,small.class,0,439,boy
regular,0,473,boy,,small.class,0,484,boy
regular,0,439,girl,,small.class,0,494,girl
regular,0,444,boy,,small.class,0,489,girl
regular,0,459,boy,,small.class,0,439,girl
regular,0,528,girl,,small.class,0,547,boy
regular,0,576,boy,,small.class,0,454,girl
regular,0,494,boy,,small.class,0,463,boy
regular,0,513,boy,,small.class,0,513,girl
regular,0,439,girl,,small.class,0,528,girl
regular,0,513,girl,,small.class,0,449,girl
regular,0,528,girl,,small.class,0,559,boy
regular,0,468,girl,,small.class,0,463,boy
regular,0,513,boy,,small.class,0,576,boy
regular,0,520,girl,,small.class,0,468,girl
regular,0,576,girl,,small.class,0,463,girl
regular,0,520,boy,,small.class,0,559,girl
regular,0,500,boy,,small.class,0,576,boy
regular,0,392,boy,,small.class,0,506,boy
regular,0,520,boy,,small.class,0,454,girl
regular,0,434,boy,,small.class,0,484,boy
regular,0,484,girl,,small.class,0,626,boy
regular,0,500,girl,,small.class,0,559,girl
regular,0,444,boy,,small.class,0,444,girl
regular,0,418,boy,,small.class,0,489,boy
regular,0,536,girl,,small.class,0,449,girl
regular,0,494,girl,,small.class,0,576,boy
regular,0,536,boy,,small.class,0,547,boy
regular,0,459,girl,,small.class,0,500,boy
regular,0,536,boy,,small.class,0,602,boy
regular,0,500,girl,,small.class,0,547,boy
regular,0,418,girl,,small.class,0,602,girl
regular,0,547,boy,,small.class,0,405,girl
regular,0,459,girl,,small.class,1,528,girl
regular,0,547,girl,,small.class,1,513,girl
regular,0,468,girl,,small.class,1,444,boy
regular,0,513,boy,,small.class,1,468,girl
regular,0,494,girl,,small.class,1,454,boy
regular,0,547,boy,,small.class,1,429,girl
regular,0,429,boy,,small.class,1,500,girl
regular,0,365,girl,,small.class,1,459,boy
regular,0,602,girl,,small.class,1,473,girl
regular,0,468,boy,,small.class,1,429,girl
regular,0,536,girl,,small.class,1,484,boy
regular,0,468,girl,,small.class,1,459,girl
regular,0,473,boy,,small.class,1,547,boy
regular,0,449,boy,,small.class,1,384,girl
regular,0,520,girl,,small.class,1,439,boy
regular,0,513,boy,,small.class,1,468,boy
regular,0,547,girl,,small.class,1,449,boy
regular,0,463,girl,,small.class,1,513,boy
regular,0,423,boy,,small.class,1,468,boy
regular,0,489,boy,,small.class,1,506,girl
regular,0,434,boy,,small.class,1,454,girl
regular,0,626,girl,,small.class,1,459,girl
regular,0,536,girl,,small.class,1,478,boy
regular,0,454,boy,,small.class,1,484,girl
regular,0,520,boy,,small.class,1,423,boy
regular,0,520,girl,,small.class,1,449,girl
regular,0,559,girl,,small.class,1,468,girl
regular,0,513,girl,,small.class,1,454,boy
regular,0,392,girl,,small.class,1,434,girl
regular,0,506,boy,,small.class,1,559,boy
regular,0,444,boy,,small.class,1,513,boy
regular,0,418,boy,,small.class,1,439,girl
regular,0,547,girl,,small.class,1,484,girl
regular,0,559,boy,,small.class,1,454,girl
regular,0,500,girl,,small.class,1,439,boy
regular,0,506,girl,,small.class,1,513,girl
regular,0,506,boy,,small.class,1,434,boy
regular,0,489,girl,,small.class,1,434,girl
regular,0,423,girl,,small.class,1,423,boy
regular,0,559,girl,,small.class,1,392,boy
regular,0,429,boy,,small.class,1,444,boy
regular,0,399,boy,,small.class,1,418,boy
regular,0,459,girl,,small.class,1,439,girl
regular,0,506,boy,,small.class,1,602,girl
regular,0,454,girl,,small.class,1,444,boy
regular,0,500,girl,,small.class,1,473,boy
regular,0,478,boy,,small.class,1,459,girl
regular,0,494,boy,,small.class,1,429,boy
regular,0,506,girl,,small.class,1,520,girl
regular,0,473,boy,,small.class,1,494,girl
regular,0,506,boy,,small.class,1,454,boy
regular,0,473,girl,,small.class,1,528,girl
regular,0,449,boy,,small.class,1,463,boy
regular,0,520,boy,,small.class,1,412,boy
regular,0,528,girl,,small.class,1,434,boy
regular,0,536,girl,,small.class,1,473,girl
regular,0,478,girl,,small.class,1,473,boy
regular,0,418,girl,,small.class,1,506,girl
regular,0,405,boy,,small.class,1,536,boy
regular,0,494,boy,,small.class,1,444,girl
regular,0,478,boy,,small.class,1,444,girl
regular,0,478,girl,,small.class,1,468,boy
regular,0,528,girl,,small.class,1,513,girl
regular,0,559,girl,,small.class,1,463,boy
regular,0,444,boy,,small.class,1,444,boy
regular,0,489,boy,,small.class,1,463,boy
regular,0,484,boy,,small.class,1,449,girl
regular,0,439,girl,,small.class,1,478,girl
regular,0,536,boy,,small.class,1,489,girl
regular,0,478,boy,,small.class,1,463,boy
regular,0,576,girl,,small.class,1,463,boy
regular,0,513,girl,,small.class,1,459,girl
regular,1,528,girl,,small.class,1,434,boy
regular,1,513,girl,,small.class,1,444,boy
regular,1,528,boy,,small.class,1,506,girl
regular,1,484,girl,,small.class,1,489,boy
regular,1,463,boy,,small.class,1,449,boy
regular,1,500,girl,,small.class,1,439,girl
regular,1,484,girl,,small.class,1,449,boy
regular,1,500,girl,,small.class,1,484,boy
regular,1,520,girl,,small.class,1,429,girl
regular,1,494,boy,,small.class,1,429,girl
regular,1,500,boy,,small.class,1,468,boy
regular,1,536,boy,,small.class,1,547,boy
regular,1,484,girl,,small.class,1,444,girl
regular,1,494,boy,,small.class,1,494,girl
regular,1,423,boy,,small.class,1,473,girl
regular,1,463,girl,,small.class,1,528,boy
regular,1,449,boy,,small.class,1,473,boy
regular,1,489,boy,,small.class,1,434,boy
regular,1,536,girl,,small.class,1,459,girl
regular,1,547,boy,,small.class,1,473,boy
regular,1,500,girl,,small.class,1,429,boy
regular,1,444,boy,,small.class,1,405,girl
regular,1,576,girl,,small.class,1,405,boy
regular,1,468,girl,,small.class,1,434,girl
regular,1,506,boy,,small.class,1,484,girl
regular,1,429,boy,,small.class,1,434,girl
regular,1,439,boy,,small.class,1,392,girl
regular,1,528,boy,,small.class,1,434,girl
regular,1,412,girl,,small.class,1,500,boy
regular,1,463,boy,,small.class,1,463,boy
regular,1,520,boy,,small.class,1,473,girl
regular,1,444,boy,,small.class,1,484,boy
regular,1,405,girl,,small.class,1,449,boy
regular,1,513,girl,,small.class,1,418,boy
regular,1,513,girl,,small.class,1,429,girl
regular,1,468,boy,,small.class,1,392,boy
regular,1,528,girl,,small.class,1,506,girl
regular,1,506,boy,,small.class,1,459,girl
regular,1,459,boy,,small.class,1,478,boy
regular,1,536,boy,,small.class,1,489,boy
regular,1,439,girl,,small.class,1,434,boy
regular,1,528,girl,,small.class,1,520,girl
regular,1,454,girl,,small.class,1,405,boy
regular,1,513,girl,,small.class,1,520,girl
regular,1,506,girl,,small.class,1,434,boy
regular,1,513,girl,,small.class,1,423,girl
regular,1,478,boy,,small.class,1,468,boy
regular,1,489,girl,,small.class,1,423,girl
regular,1,454,boy,,small.class,1,528,girl
regular,1,559,boy,,small.class,2,494,girl
regular,1,439,boy,,small.class,2,626,girl
regular,1,478,boy,,small.class,2,520,boy
regular,1,429,boy,,small.class,2,418,boy
regular,1,494,boy,,small.class,2,500,girl
regular,1,439,girl,,small.class,2,484,girl
regular,1,536,girl,,small.class,2,454,girl
regular,1,513,girl,,small.class,2,494,boy
regular,1,478,boy,,small.class,2,547,boy
regular,1,489,boy,,small.class,2,434,boy
regular,1,459,boy,,small.class,2,489,boy
regular,1,405,boy,,small.class,2,528,boy
regular,1,454,boy,,small.class,2,405,boy
regular,1,520,boy,,small.class,2,468,girl
regular,1,559,girl,,small.class,2,513,girl
regular,1,506,boy,,small.class,2,405,girl
regular,1,602,boy,,small.class,2,434,boy
regular,1,439,boy,,small.class,2,500,girl
regular,1,468,boy,,small.class,2,423,boy
regular,1,444,boy,,small.class,2,412,girl
regular,1,434,boy,,small.class,2,500,girl
regular,1,444,boy,,small.class,2,434,girl
regular,1,500,boy,,small.class,2,454,boy
regular,1,513,boy,,small.class,2,468,boy
regular,1,528,girl,,small.class,2,513,boy
regular,1,528,girl,,small.class,2,412,girl
regular,1,463,girl,,small.class,2,423,boy
regular,1,473,girl,,small.class,2,405,girl
regular,1,459,girl,,small.class,2,454,boy
regular,1,484,boy,,small.class,2,468,boy
regular,1,520,boy,,small.class,2,478,boy
regular,1,528,girl,,small.class,2,449,boy
regular,1,506,girl,,small.class,2,468,girl
regular,1,520,boy,,small.class,2,454,girl
regular,1,500,boy,,small.class,2,494,boy
regular,1,520,boy,,small.class,2,459,girl
regular,1,513,boy,,small.class,2,536,boy
regular,1,489,boy,,small.class,2,489,girl
regular,1,489,girl,,small.class,2,478,boy
regular,1,478,girl,,small.class,2,484,boy
regular,1,484,boy,,small.class,2,454,girl
regular,1,459,girl,,small.class,2,423,girl
regular,1,489,girl,,small.class,2,412,girl
regular,1,494,girl,,small.class,2,506,boy
regular,1,418,boy,,small.class,2,513,girl
regular,1,429,boy,,small.class,2,454,boy
regular,1,454,girl,,small.class,2,473,girl
regular,1,528,boy,,small.class,2,473,girl
regular,1,459,girl,,small.class,2,468,boy
regular,1,434,girl,,small.class,2,449,girl
regular,2,489,boy,,small.class,2,449,boy
regular,2,463,boy,,small.class,2,429,boy
regular,2,449,boy,,small.class,2,434,girl
regular,2,459,girl,,small.class,2,484,girl
regular,2,513,girl,,small.class,2,520,boy
regular,2,449,boy,,small.class,2,489,girl
regular,2,473,girl,,small.class,2,454,girl
regular,2,444,boy,,small.class,2,536,girl
regular,2,468,boy,,small.class,2,494,girl
regular,2,494,boy,,small.class,2,500,girl
regular,2,500,girl,,small.class,2,434,girl
regular,2,434,boy,,small.class,2,520,boy
regular,2,489,boy,,small.class,2,444,boy
regular,2,576,boy,,small.class,2,434,boy
regular,2,449,girl,,small.class,2,484,boy
regular,2,468,girl,,small.class,2,434,girl
regular,2,454,boy,,small.class,2,454,boy
regular,2,454,boy,,small.class,2,434,boy
regular,2,500,girl,,small.class,2,484,girl
regular,2,449,boy,,small.class,2,520,boy
regular,2,602,boy,,small.class,2,500,boy
regular,2,506,girl,,small.class,2,405,boy
regular,2,449,girl,,small.class,2,536,girl
regular,2,429,boy,,small.class,2,463,girl
regular,2,513,girl,,small.class,2,547,girl
regular,2,454,girl,,small.class,2,392,girl
regular,2,513,girl,,small.class,2,513,boy
regular,2,478,girl,,small.class,2,489,girl
regular,2,405,girl,,small.class,2,500,boy
regular,2,468,boy,,small.class,2,449,girl
regular,2,559,girl,,small.class,2,500,girl
regular,2,489,girl,,small.class,2,520,girl
regular,2,576,girl,,small.class,2,434,girl
regular,2,513,boy,,small.class,2,513,girl
regular,2,423,boy,,small.class,2,559,boy
regular,2,423,girl,,small.class,2,520,girl
regular,2,536,boy,,small.class,2,513,boy
regular,2,489,girl,,small.class,2,536,girl
regular,2,494,girl,,small.class,2,463,boy
regular,2,559,girl,,small.class,2,468,girl
regular,2,576,girl,,small.class,2,520,girl
regular,2,478,girl,,small.class,2,473,girl
regular,2,576,girl,,small.class,2,463,boy
regular,2,449,boy,,small.class,2,463,girl
regular,2,520,girl,,small.class,2,559,girl
regular,2,468,boy,,small.class,2,559,girl
regular,2,468,girl,,small.class,2,513,boy
regular,2,473,girl,,small.class,2,423,boy
regular,2,484,boy,,small.class,3,506,boy
regular,2,547,girl,,small.class,3,412,boy
regular,2,528,girl,,small.class,3,513,girl
regular,2,494,girl,,small.class,3,423,girl
regular,2,405,boy,,small.class,3,478,girl
regular,2,626,boy,,small.class,3,494,boy
regular,2,439,girl,,small.class,3,602,boy
regular,2,478,boy,,small.class,3,513,boy
regular,2,444,boy,,small.class,3,626,boy
regular,2,559,boy,,small.class,3,412,boy
regular,2,439,boy,,small.class,3,429,girl
regular,2,506,girl,,small.class,3,520,girl
regular,2,506,boy,,small.class,3,468,girl
regular,2,478,boy,,small.class,3,520,boy
regular,2,559,girl,,small.class,3,489,boy
regular,2,468,boy,,small.class,3,576,girl
regular,2,468,boy,,small.class,3,500,girl
regular,2,576,girl,,small.class,3,459,boy
regular,2,429,girl,,small.class,3,489,boy
regular,2,463,boy,,small.class,3,602,girl
regular,2,536,girl,,small.class,3,473,boy
regular,2,429,boy,,small.class,3,513,boy
regular,2,392,boy,,small.class,3,478,girl
regular,2,489,girl,,small.class,3,478,girl
regular,2,576,girl,,small.class,3,500,boy
regular,2,602,girl,,small.class,3,626,boy
regular,2,468,girl,,small.class,3,423,boy
regular,2,459,boy,,small.class,3,520,boy
regular,2,478,boy,,small.class,3,506,boy
regular,2,454,boy,,small.class,3,602,boy
regular,2,365,boy,,small.class,3,559,boy
regular,3,500,girl,,small.class,3,434,girl
regular,3,478,girl,,small.class,3,576,boy
regular,3,478,boy,,small.class,3,463,boy
regular,3,454,boy,,small.class,3,520,girl
regular,3,484,boy,,small.class,3,429,girl
regular,3,473,boy,,small.class,3,547,girl
regular,3,528,boy,,small.class,3,468,boy
regular,3,473,boy,,small.class,3,449,boy
regular,3,454,girl,,small.class,3,536,boy
regular,3,439,boy,,small.class,3,399,boy
regular,3,559,boy,,small.class,3,576,girl
regular,3,484,boy,,small.class,3,576,girl
regular,3,489,girl,,small.class,3,454,girl
regular,3,500,girl,,small.class,3,576,girl
regular,3,418,girl,,small.class,3,484,girl
regular,3,454,boy,,small.class,3,494,girl
regular,3,439,boy,,small.class,3,602,girl
regular,3,459,boy,,small.class,3,602,girl
regular,3,463,girl,,small.class,3,434,boy
regular,3,602,boy,,small.class,3,449,boy
regular,3,439,boy,,small.class,3,626,girl
regular,3,473,girl,,small.class,3,528,girl
regular,3,500,boy,,small.class,3,520,girl
regular,3,444,boy,,small.class,3,576,boy
regular,3,473,boy,,small.class,3,444,boy
regular,3,320,boy,,small.class,3,506,girl
regular,3,520,boy,,small.class,3,500,boy
regular,3,559,girl,,small.class,3,576,girl
regular,3,449,boy,,small.class,3,463,boy
regular,3,423,boy,,small.class,3,405,girl
regular,3,412,girl,,small.class,3,412,girl
regular,3,399,boy,,small.class,3,547,girl
regular,3,520,girl,,small.class,3,547,girl
regular,3,429,boy,,small.class,3,520,girl
regular,3,392,girl,,small.class,3,473,girl
regular,3,468,girl,,small.class,3,506,girl
regular,3,478,girl,,small.class,3,439,girl
regular,3,449,boy,,small.class,3,473,boy
regular,3,434,girl,,small.class,3,429,boy
regular,3,439,boy,,small.class,3,449,girl
regular,3,412,girl,,small.class,3,412,boy
regular,3,506,girl,,small.class,3,468,girl
regular,3,489,girl,,small.class,3,489,girl
regular,3,473,girl,,small.class,3,520,girl
regular,3,384,boy,,small.class,3,506,girl
regular,3,449,boy,,small.class,3,489,boy
regular,3,513,girl,,small.class,3,489,boy
regular,3,473,girl,,small.class,3,459,boy
regular,3,576,girl,,small.class,3,528,boy
regular,3,500,boy,,small.class,3,520,girl
regular,3,473,boy,,small.class,3,439,boy
regular,3,423,boy,,small.class,3,602,girl
regular,3,399,boy,,small.class,3,559,boy
regular,3,520,boy,,small.class,3,626,girl
regular,3,384,boy,,small.class,3,520,girl
regular,3,399,girl,,small.class,3,429,boy
regular,3,392,boy,,small.class,3,439,girl
regular,3,405,boy,,small.class,3,384,girl
regular,3,444,girl,,small.class,3,547,girl
regular,3,489,boy,,small.class,3,449,girl
regular,3,468,girl,,small.class,3,602,boy
regular,3,412,girl,,small.class,3,576,girl
regular,3,444,girl,,small.class,3,434,girl
regular,3,429,boy,,small.class,3,528,boy
regular,3,463,boy,,small.class,3,423,boy
regular,3,392,boy,,small.class,3,444,girl
regular,3,439,boy,,small.class,3,473,girl
regular,3,626,boy,,small.class,3,429,girl
regular,3,429,boy,,small.class,3,444,girl
regular,3,559,girl,,small.class,3,399,boy
regular,3,439,boy,,small.class,4,559,girl
regular,3,547,girl,,small.class,4,439,girl
regular,3,506,boy,,small.class,4,463,girl
regular,3,559,boy,,small.class,4,559,boy
regular,3,513,girl,,small.class,4,423,boy
regular,3,463,boy,,small.class,4,484,boy
regular,3,520,girl,,small.class,4,547,boy
regular,3,520,boy,,small.class,4,494,boy
regular,3,468,girl,,small.class,4,520,boy
regular,3,439,boy,,small.class,4,500,girl
regular,3,536,girl,,small.class,4,484,girl
regular,3,444,girl,,small.class,4,602,boy
regular,3,399,girl,,small.class,4,576,girl
regular,3,478,boy,,small.class,4,500,boy
regular,3,478,girl,,small.class,4,429,girl
regular,3,478,girl,,small.class,4,494,girl
regular,3,489,girl,,small.class,4,489,boy
regular,3,463,boy,,small.class,4,576,boy
regular,3,576,girl,,small.class,4,500,girl
regular,3,602,girl,,small.class,4,602,boy
regular,3,528,girl,,small.class,4,547,boy
regular,3,405,boy,,small.class,4,559,boy
regular,3,484,girl,,small.class,4,489,boy
regular,3,547,boy,,small.class,4,602,boy
regular,3,513,girl,,small.class,4,602,girl
regular,3,473,boy,,small.class,4,459,girl
regular,3,513,boy,,small.class,4,473,boy
regular,3,494,boy,,small.class,4,559,boy
regular,3,489,boy,,small.class,4,602,girl
regular,3,494,girl,,small.class,4,576,boy
regular,3,536,girl,,small.class,4,418,girl
regular,3,418,boy,,small.class,4,478,girl
regular,3,449,girl,,small.class,4,626,boy
regular,3,405,boy,,small.class,4,484,girl
regular,3,513,boy,,small.class,4,602,boy
regular,3,468,girl,,small.class,4,520,boy
regular,3,449,boy,,small.class,4,576,boy
regular,3,463,girl,,small.class,4,576,girl
regular,3,444,boy,,small.class,4,576,girl
regular,3,536,boy,,small.class,4,528,girl
regular,3,500,boy,,small.class,4,478,girl
regular,3,444,boy,,small.class,4,489,boy
regular,3,434,girl,,small.class,4,506,boy
regular,3,468,boy,,small.class,4,459,girl
regular,3,468,girl,,small.class,4,576,girl
regular,3,484,girl,,small.class,4,576,boy
regular,4,484,girl,,small.class,4,494,girl
regular,4,478,girl,,small.class,4,559,boy
regular,4,494,girl,,small.class,4,626,boy
regular,4,468,boy,,small.class,4,473,boy
regular,4,559,boy,,small.class,4,559,girl
regular,4,473,boy,,small.class,4,559,boy
regular,4,547,girl,,small.class,4,439,girl
regular,4,473,boy,,small.class,4,559,girl
regular,4,494,girl,,small.class,4,494,girl
regular,4,423,boy,,small.class,4,536,girl
regular,4,444,boy,,small.class,4,439,girl
regular,4,412,girl,,small.class,4,500,boy
regular,4,513,girl,,small.class,4,520,girl
regular,4,494,girl,,small.class,4,528,girl
regular,4,439,girl,,small.class,4,506,boy
regular,4,500,girl,,small.class,4,454,boy
regular,4,473,boy,,small.class,4,547,boy
regular,4,528,girl,,small.class,4,484,boy
regular,4,536,girl,,small.class,4,559,boy
regular,4,429,boy,,small.class,4,473,boy
regular,4,423,boy,,small.class,4,429,boy
regular,4,520,girl,,small.class,4,506,girl
regular,4,444,girl,,small.class,4,520,girl
regular,4,489,boy,,small.class,4,520,girl
regular,4,506,boy,,small.class,4,506,girl
regular,4,412,boy,,small.class,4,513,boy
regular,4,444,girl,,small.class,4,454,girl
regular,4,506,girl,,small.class,5,489,boy
regular,4,547,boy,,small.class,5,506,girl
regular,4,434,girl,,small.class,5,559,girl
regular,4,418,boy,,small.class,5,473,boy
regular,4,478,boy,,small.class,5,489,girl
regular,4,454,boy,,small.class,5,536,boy
regular,4,536,boy,,small.class,5,412,girl
regular,4,454,boy,,small.class,5,478,boy
regular,4,429,boy,,small.class,5,418,boy
regular,4,468,girl,,small.class,5,454,girl
regular,4,468,girl,,small.class,5,513,boy
regular,4,547,girl,,small.class,5,468,boy
regular,4,468,boy,,small.class,5,494,boy
regular,4,520,girl,,small.class,5,528,girl
regular,4,513,girl,,small.class,5,528,girl
regular,4,513,girl,,small.class,5,454,girl
regular,4,454,girl,,small.class,5,602,girl
regular,4,489,girl,,small.class,5,444,girl
regular,4,454,girl,,small.class,5,536,girl
regular,4,506,boy,,small.class,5,454,boy
regular,4,528,girl,,small.class,5,439,girl
regular,4,449,boy,,small.class,5,500,boy
regular,4,439,boy,,small.class,5,454,boy
regular,4,449,boy,,small.class,5,500,boy
regular,4,513,girl,,small.class,5,494,boy
regular,4,602,girl,,small.class,5,439,boy
regular,4,459,boy,,small.class,5,528,boy
regular,4,500,girl,,small.class,5,434,boy
regular,4,602,girl,,small.class,5,547,girl
regular,4,473,boy,,small.class,5,463,girl
regular,4,536,girl,,small.class,5,444,girl
regular,4,434,boy,,small.class,5,473,girl
regular,4,506,girl,,small.class,5,536,boy
regular,4,559,boy,,small.class,5,520,boy
regular,4,484,boy,,small.class,5,506,boy
regular,4,528,boy,,small.class,5,547,boy
regular,4,449,boy,,small.class,5,484,girl
regular,4,468,girl,,small.class,5,459,girl
regular,4,500,boy,,small.class,5,528,girl
regular,4,384,boy,,small.class,5,423,girl
regular,4,459,girl,,small.class,5,536,girl
regular,4,489,girl,,small.class,5,506,girl
regular,4,434,boy,,small.class,5,463,boy
regular,4,484,girl,,small.class,5,489,girl
regular,4,434,boy,,small.class,5,559,girl
regular,4,528,girl,,small.class,5,489,boy
regular,4,500,girl,,small.class,5,506,girl
regular,4,528,boy,,small.class,5,513,boy
regular,4,473,girl,,small.class,5,418,boy
regular,4,494,girl,,small.class,5,494,boy
regular,4,528,girl,,small.class,5,547,girl
regular,4,439,boy,,small.class,5,506,boy
regular,4,399,boy,,small.class,5,473,boy
regular,4,513,girl,,small.class,5,439,boy
regular,4,484,girl,,small.class,5,520,boy
regular,4,444,boy,,small.class,5,536,boy
regular,4,454,boy,,small.class,5,439,boy
regular,4,439,girl,,small.class,5,536,girl
regular,4,484,girl,,small.class,5,506,boy
regular,4,454,boy,,small.class,5,576,boy
regular,4,494,girl,,small.class,5,547,girl
regular,4,494,boy,,small.class,5,478,girl
regular,4,506,girl,,small.class,5,520,girl
regular,4,429,girl,,small.class,5,513,boy
regular,4,454,boy,,small.class,5,434,boy
regular,4,500,girl,,small.class,5,463,girl
regular,4,576,girl,,small.class,5,484,boy
regular,4,454,boy,,small.class,5,520,girl
regular,4,423,boy,,small.class,5,449,boy
regular,4,506,girl,,small.class,5,484,boy
regular,4,506,girl,,small.class,5,506,boy
regular,4,506,boy,,small.class,5,500,boy
regular,4,459,boy,,small.class,5,547,boy
regular,4,478,boy,,small.class,5,520,boy
regular,5,513,girl,,small.class,5,500,boy
regular,5,536,boy,,small.class,5,429,boy
regular,5,494,boy,,small.class,5,576,girl
regular,5,399,boy,,small.class,5,547,girl
regular,5,506,boy,,small.class,5,473,girl
regular,5,454,boy,,small.class,5,576,boy
regular,5,439,boy,,small.class,5,484,girl
regular,5,489,boy,,small.class,5,576,boy
regular,5,513,boy,,small.class,5,418,girl
regular,5,429,boy,,small.class,5,513,girl
regular,5,449,girl,,small.class,5,478,girl
regular,5,434,boy,,small.class,5,473,boy
regular,5,520,boy,,small.class,5,439,boy
regular,5,454,boy,,small.class,5,528,boy
regular,5,468,boy,,small.class,5,418,girl
regular,5,528,boy,,small.class,5,559,girl
regular,5,439,boy,,small.class,5,500,girl
regular,5,506,girl,,small.class,5,506,boy
regular,5,489,girl,,small.class,5,478,boy
regular,5,513,boy,,small.class,5,559,boy
regular,5,434,girl,,small.class,5,559,girl
regular,5,520,boy,,small.class,5,439,girl
regular,5,484,boy,,small.class,5,444,boy
regular,5,520,boy,,small.class,6,494,boy
regular,5,429,boy,,small.class,6,449,girl
regular,5,506,girl,,small.class,6,429,boy
regular,5,506,girl,,small.class,6,500,girl
regular,5,489,girl,,small.class,6,473,girl
regular,5,478,boy,,small.class,6,484,boy
regular,5,454,boy,,small.class,6,536,boy
regular,5,484,boy,,small.class,6,536,boy
regular,5,506,boy,,small.class,6,494,boy
regular,5,468,girl,,small.class,6,459,boy
regular,5,468,girl,,small.class,6,459,boy
regular,5,478,boy,,small.class,6,547,girl
regular,5,494,boy,,small.class,6,473,girl
regular,5,489,girl,,small.class,6,520,girl
regular,5,602,girl,,small.class,6,405,boy
regular,5,454,girl,,small.class,6,423,boy
regular,5,494,boy,,small.class,6,513,boy
regular,5,513,girl,,small.class,6,399,boy
regular,5,449,girl,,small.class,6,576,boy
regular,5,506,girl,,small.class,6,418,boy
regular,5,576,girl,,small.class,6,468,girl
regular,5,484,boy,,small.class,6,484,girl
regular,5,494,girl,,small.class,6,576,boy
regular,5,478,girl,,small.class,6,536,girl
regular,5,434,girl,,small.class,6,547,boy
regular,5,489,girl,,small.class,6,528,boy
regular,5,473,boy,,small.class,6,528,girl
regular,5,489,girl,,small.class,6,547,girl
regular,5,520,boy,,small.class,6,528,girl
regular,5,500,boy,,small.class,6,459,boy
regular,5,484,boy,,small.class,6,484,boy
regular,5,500,girl,,small.class,6,513,girl
regular,5,468,boy,,small.class,6,513,girl
regular,5,513,girl,,small.class,6,513,girl
regular,5,484,boy,,small.class,6,528,boy
regular,5,449,boy,,small.class,6,459,girl
regular,5,489,girl,,small.class,6,559,boy
regular,5,418,girl,,small.class,6,576,girl
regular,5,494,girl,,small.class,6,463,girl
regular,5,444,boy,,small.class,6,626,boy
regular,5,429,girl,,small.class,6,520,boy
regular,5,528,boy,,small.class,6,513,boy
regular,5,506,girl,,small.class,6,602,boy
regular,5,434,girl,,small.class,6,513,girl
regular,5,459,boy,,small.class,6,399,boy
regular,5,444,girl,,small.class,6,576,girl
regular,5,459,boy,,small.class,6,399,boy
regular,5,478,girl,,small.class,6,489,boy
regular,5,468,boy,,small.class,6,602,boy
regular,5,478,boy,,small.class,6,536,boy
regular,5,536,girl,,small.class,6,513,boy
regular,5,528,girl,,small.class,6,506,boy
regular,5,459,girl,,small.class,6,528,girl
regular,5,444,boy,,small.class,6,626,boy
regular,5,463,boy,,small.class,6,463,boy
regular,5,536,girl,,small.class,6,459,boy
regular,5,484,boy,,small.class,6,520,boy
regular,5,405,girl,,small.class,6,484,girl
regular,5,454,boy,,small.class,6,478,boy
regular,5,459,girl,,small.class,6,528,girl
regular,5,484,girl,,small.class,6,559,girl
regular,5,449,girl,,small.class,6,528,boy
regular,5,576,boy,,small.class,6,536,boy
regular,5,506,girl,,small.class,6,459,girl
regular,5,449,boy,,small.class,6,500,boy
regular,5,449,boy,,small.class,6,463,boy
regular,5,463,boy,,small.class,6,528,girl
regular,5,536,boy,,small.class,6,454,boy
regular,5,494,girl,,small.class,6,473,boy
regular,5,399,girl,,small.class,6,489,girl
regular,5,536,girl,,small.class,6,468,boy
regular,5,439,boy,,small.class,6,354,girl
regular,6,459,girl,,small.class,6,405,boy
regular,6,500,girl,,small.class,6,528,girl
regular,6,536,girl,,small.class,6,489,boy
regular,6,478,boy,,small.class,6,500,boy
regular,6,463,girl,,small.class,6,559,boy
regular,6,536,girl,,small.class,6,506,girl
regular,6,320,girl,,small.class,6,439,boy
regular,6,418,girl,,small.class,6,576,girl
regular,6,454,girl,,small.class,6,626,boy
regular,6,513,boy,,small.class,6,484,boy
regular,6,500,boy,,small.class,6,559,girl
regular,6,412,boy,,small.class,6,500,girl
regular,6,459,boy,,small.class,6,468,girl
regular,6,423,boy,,small.class,6,478,girl
regular,6,473,girl,,small.class,6,489,girl
regular,6,449,boy,,small.class,6,506,boy
regular,6,468,boy,,small.class,6,429,boy
regular,6,513,girl,,small.class,6,484,girl
regular,6,418,girl,,small.class,6,500,girl
regular,6,463,girl,,small.class,6,513,boy
regular,6,484,boy,,small.class,6,520,boy
regular,6,429,boy,,small.class,6,536,girl
regular,6,500,girl,,small.class,6,602,boy
regular,6,449,boy,,small.class,6,468,boy
regular,6,484,boy,,small.class,6,478,boy
regular,6,399,boy,,small.class,6,500,boy
regular,6,429,girl,,small.class,6,489,boy
regular,6,439,boy,,small.class,6,520,boy
regular,6,384,boy,,small.class,6,489,boy
regular,6,468,girl,,small.class,6,463,boy
regular,6,536,boy,,small.class,6,506,boy
regular,6,399,boy,,small.class,6,513,boy
regular,6,520,boy,,small.class,6,602,boy
regular,6,454,boy,,small.class,6,463,girl
regular,6,449,girl,,small.class,6,494,boy
regular,6,513,boy,,small.class,6,439,girl
regular,6,506,girl,,small.class,6,520,girl
regular,6,489,boy,,small.class,6,513,girl
regular,6,463,boy,,small.class,6,468,boy
regular,6,463,girl,,small.class,6,429,boy
regular,6,520,girl,,small.class,6,489,girl
regular,6,473,boy,,small.class,6,439,boy
regular,6,506,boy,,small.class,6,520,boy
regular,6,602,girl,,small.class,6,444,girl
regular,6,454,boy,,small.class,6,399,boy
regular,6,375,boy,,small.class,6,454,girl
regular,6,418,boy,,small.class,6,500,boy
regular,6,384,boy,,small.class,6,405,boy
regular,6,449,girl,,small.class,6,536,boy
regular,6,459,boy,,small.class,6,463,boy
regular,6,423,girl,,small.class,6,576,boy
regular,6,429,boy,,small.class,6,478,girl
regular,6,429,boy,,small.class,6,449,boy
regular,6,559,boy,,small.class,6,576,girl
regular,6,463,boy,,small.class,6,489,girl
regular,6,423,boy,,small.class,6,494,boy
regular,6,468,girl,,small.class,6,602,boy
regular,6,513,girl,,small.class,6,454,boy
regular,6,434,boy,,small.class,6,429,girl
regular,6,536,boy,,small.class,6,513,girl
regular,6,576,girl,,small.class,6,489,girl
regular,6,399,boy,,small.class,6,473,boy
regular,6,439,boy,,small.class,6,559,boy
regular,6,484,boy,,small.class,6,559,boy
regular,6,423,girl,,small.class,6,473,girl
regular,6,513,boy,,small.class,6,500,girl
regular,6,473,girl,,small.class,6,489,boy
regular,6,473,boy,,small.class,6,468,boy
regular,6,444,boy,,small.class,6,602,girl
regular,6,520,boy,,small.class,6,547,boy
regular,6,405,girl,,small.class,6,520,girl
regular,6,473,girl,,small.class,6,405,boy
regular,6,418,girl,,small.class,6,444,boy
regular,6,339,boy,,small.class,6,489,girl
regular,6,439,boy,,small.class,6,463,girl
regular,6,559,boy,,small.class,6,429,boy
regular,6,405,boy,,small.class,6,449,boy
regular,6,412,girl,,small.class,6,547,boy
regular,6,602,girl,,small.class,6,494,boy
regular,6,500,girl,,small.class,6,536,boy
regular,6,500,boy,,small.class,6,484,girl
regular,6,439,girl,,small.class,6,429,boy
regular,6,506,girl,,small.class,6,468,boy
regular,6,506,girl,,small.class,7,473,girl
regular,6,463,boy,,small.class,7,459,girl
regular,6,444,girl,,small.class,7,513,boy
regular,6,439,girl,,small.class,7,528,girl
regular,6,354,boy,,small.class,7,473,boy
regular,6,559,girl,,small.class,7,439,boy
regular,6,506,girl,,small.class,7,439,boy
regular,6,494,boy,,small.class,7,484,girl
regular,6,463,boy,,small.class,7,489,girl
regular,6,429,boy,,small.class,7,392,boy
regular,6,528,boy,,small.class,7,434,girl
regular,6,459,boy,,small.class,7,513,girl
regular,6,500,boy,,small.class,7,528,boy
regular,6,528,boy,,small.class,7,494,girl
regular,6,489,girl,,small.class,7,500,boy
regular,6,520,girl,,small.class,7,559,girl
regular,6,506,boy,,small.class,7,444,boy
regular,6,439,boy,,small.class,7,559,girl
regular,6,500,boy,,small.class,7,536,girl
regular,6,500,boy,,small.class,7,449,girl
regular,6,463,girl,,small.class,7,459,girl
regular,6,418,girl,,small.class,7,478,boy
regular,6,423,girl,,small.class,7,520,boy
regular,6,444,boy,,small.class,7,528,girl
regular,6,559,boy,,small.class,7,576,boy
regular,6,459,girl,,small.class,7,500,girl
regular,6,513,boy,,small.class,7,576,girl
regular,6,444,boy,,small.class,7,463,girl
regular,6,418,boy,,small.class,7,473,girl
regular,6,454,girl,,small.class,7,484,boy
regular,6,478,boy,,small.class,7,463,boy
regular,6,444,boy,,small.class,7,520,boy
regular,6,439,girl,,small.class,7,484,girl
regular,6,576,girl,,small.class,7,528,girl
regular,6,484,boy,,small.class,7,506,boy
regular,6,399,boy,,small.class,7,506,girl
regular,6,547,girl,,small.class,7,454,girl
regular,6,423,boy,,small.class,7,500,girl
regular,6,459,girl,,small.class,7,484,boy
regular,6,412,boy,,small.class,7,602,boy
regular,6,536,girl,,small.class,7,484,girl
regular,6,602,girl,,small.class,7,489,boy
regular,6,468,boy,,small.class,7,459,girl
regular,6,602,boy,,small.class,7,418,boy
regular,6,434,boy,,small.class,7,528,girl
regular,6,576,girl,,small.class,7,484,girl
regular,6,473,girl,,small.class,7,449,boy
regular,6,454,girl,,small.class,7,536,boy
regular,6,489,girl,,small.class,7,489,boy
regular,6,602,girl,,small.class,7,434,boy
regular,6,405,boy,,small.class,8,478,girl
regular,6,459,boy,,small.class,8,439,boy
regular,6,463,boy,,small.class,8,434,girl
regular,6,412,girl,,small.class,8,500,boy
regular,6,576,girl,,small.class,8,484,girl
regular,6,506,girl,,small.class,8,444,boy
regular,6,405,boy,,small.class,8,478,girl
regular,6,478,girl,,small.class,8,528,girl
regular,6,536,girl,,small.class,8,520,boy
regular,6,506,girl,,small.class,8,478,boy
regular,6,500,boy,,small.class,8,484,boy
regular,6,434,boy,,small.class,8,500,boy
regular,6,423,boy,,small.class,8,506,boy
regular,6,468,girl,,small.class,8,463,girl
regular,6,439,girl,,small.class,8,439,boy
regular,6,547,boy,,small.class,8,494,boy
regular,6,536,girl,,small.class,8,494,girl
regular,6,513,girl,,small.class,8,459,boy
regular,6,444,boy,,small.class,8,528,girl
regular,6,459,boy,,small.class,8,454,boy
regular,6,429,girl,,small.class,8,439,girl
regular,6,405,girl,,small.class,8,494,girl
regular,6,489,girl,,small.class,8,528,girl
regular,6,513,boy,,small.class,8,484,girl
regular,6,434,boy,,small.class,8,444,boy
regular,6,444,boy,,small.class,8,500,boy
regular,6,489,boy,,small.class,8,468,girl
regular,6,494,boy,,small.class,8,500,girl
regular,6,392,boy,,small.class,8,576,boy
regular,6,412,boy,,small.class,8,520,boy
regular,6,412,girl,,small.class,8,506,boy
regular,6,536,boy,,small.class,8,484,girl
regular,6,513,girl,,small.class,8,506,girl
regular,6,418,girl,,small.class,8,484,boy
regular,6,473,boy,,small.class,8,520,girl
regular,7,468,boy,,small.class,8,559,girl
regular,7,478,boy,,small.class,8,444,girl
regular,7,444,boy,,small.class,8,484,boy
regular,7,576,girl,,small.class,8,513,boy
regular,7,439,girl,,small.class,8,405,boy
regular,7,478,boy,,small.class,8,494,boy
regular,7,513,girl,,small.class,8,459,boy
regular,7,459,boy,,small.class,8,506,boy
regular,7,626,girl,,small.class,8,494,boy
regular,7,463,boy,,small.class,8,536,girl
regular,7,506,boy,,small.class,8,478,boy
regular,7,473,girl,,small.class,8,513,girl
regular,7,473,girl,,small.class,8,418,girl
regular,7,513,girl,,small.class,8,520,boy
regular,7,405,girl,,small.class,8,459,boy
regular,7,473,girl,,small.class,8,473,girl
regular,7,463,boy,,small.class,8,506,boy
regular,7,412,boy,,small.class,8,520,boy
regular,7,418,boy,,small.class,8,429,boy
regular,7,468,girl,,small.class,8,520,boy
regular,8,454,boy,,small.class,8,439,boy
regular,8,559,girl,,small.class,8,449,boy
regular,8,399,boy,,small.class,8,576,boy
regular,8,449,girl,,small.class,8,459,boy
regular,8,528,boy,,small.class,8,494,boy
regular,8,559,boy,,small.class,8,528,girl
regular,8,434,girl,,small.class,8,468,girl
regular,8,429,girl,,small.class,8,454,girl
regular,8,559,boy,,small.class,8,528,girl
regular,8,468,boy,,small.class,8,484,boy
regular,8,520,boy,,small.class,8,506,boy
regular,8,500,girl,,small.class,8,468,boy
regular,8,478,girl,,small.class,8,576,girl
regular,8,439,girl,,small.class,8,528,boy
regular,8,536,girl,,small.class,8,478,girl
regular,8,484,boy,,small.class,8,459,girl
regular,8,536,girl,,small.class,8,473,girl
regular,8,434,boy,,small.class,8,473,boy
regular,8,468,boy,,small.class,8,449,girl
regular,8,439,boy,,small.class,8,478,boy
regular,8,459,girl,,small.class,8,536,boy
regular,8,489,boy,,small.class,8,520,girl
regular,8,429,boy,,small.class,8,506,girl
regular,8,463,boy,,small.class,8,513,boy
regular,8,439,boy,,small.class,8,473,girl
regular,8,399,boy,,small.class,8,405,girl
regular,8,449,boy,,small.class,8,520,girl
regular,8,489,boy,,small.class,8,434,boy
regular,8,473,boy,,small.class,8,439,boy
regular,8,449,boy,,small.class,8,459,girl
regular,8,468,boy,,small.class,8,513,girl
regular,8,405,girl,,small.class,8,602,girl
regular,8,520,boy,,small.class,8,478,girl
regular,8,444,boy,,small.class,8,439,boy
regular,8,439,boy,,small.class,8,513,girl
regular,8,463,girl,,small.class,8,489,boy
regular,8,506,girl,,small.class,8,418,girl
regular,8,500,girl,,small.class,8,520,girl
regular,8,602,girl,,small.class,8,528,girl
regular,8,478,boy,,small.class,8,506,girl
regular,8,459,boy,,small.class,8,468,boy
regular,8,559,boy,,small.class,8,513,girl
regular,8,478,girl,,small.class,8,489,boy
regular,8,468,boy,,small.class,8,559,girl
regular,8,468,girl,,small.class,8,468,boy
regular,8,434,boy,,small.class,8,547,boy
regular,8,439,girl,,small.class,8,520,girl
regular,8,459,boy,,small.class,8,576,boy
regular,8,434,boy,,small.class,8,520,boy
regular,8,473,girl,,small.class,8,528,girl
regular,8,489,girl,,small.class,8,478,boy
regular,8,459,boy,,small.class,8,423,girl
regular,8,602,girl,,small.class,8,547,girl
regular,8,528,girl,,small.class,8,423,girl
regular,8,473,girl,,small.class,8,468,girl
regular,8,484,girl,,small.class,8,500,boy
regular,8,506,boy,,small.class,8,473,boy
regular,8,463,girl,,small.class,8,468,girl
regular,8,484,girl,,small.class,8,513,boy
regular,8,506,boy,,small.class,8,468,girl
regular,8,500,boy,,small.class,8,547,boy
regular,8,412,boy,,small.class,8,506,boy
regular,8,513,boy,,small.class,8,559,girl
regular,8,423,boy,,small.class,8,463,girl
regular,8,500,girl,,small.class,8,513,boy
regular,8,434,girl,,small.class,8,375,girl
regular,8,468,girl,,small.class,8,520,boy
regular,8,513,boy,,small.class,8,506,boy
regular,8,429,boy,,small.class,8,405,girl
regular,8,434,girl,,small.class,8,478,boy
regular,8,412,girl,,small.class,8,576,girl
regular,8,489,boy,,small.class,8,489,girl
regular,8,429,boy,,small.class,8,459,boy
regular,8,418,girl,,small.class,8,520,girl
regular,8,449,boy,,small.class,8,459,girl
regular,8,439,girl,,small.class,8,478,girl
regular,8,439,boy,,small.class,8,494,girl
regular,8,463,girl,,small.class,8,489,boy
regular,8,478,girl,,small.class,8,484,girl
regular,8,463,girl,,small.class,8,463,girl
regular,8,449,boy,,small.class,8,478,boy
regular,8,500,girl,,small.class,8,412,boy
regular,8,463,boy,,small.class,8,405,girl
regular,8,423,boy,,small.class,8,459,boy
regular,8,468,girl,,small.class,8,439,boy
regular,8,473,boy,,small.class,8,513,boy
regular,8,536,girl,,small.class,8,478,girl
regular,8,473,girl,,small.class,8,626,boy
regular,8,423,boy,,small.class,8,513,girl
regular,8,444,girl,,small.class,8,559,boy
regular,8,429,boy,,small.class,8,513,girl
regular,8,459,girl,,small.class,8,506,boy
regular,8,478,boy,,small.class,8,468,girl
regular,8,439,boy,,small.class,8,473,boy
regular,8,484,girl,,small.class,8,429,girl
regular,8,489,boy,,small.class,8,484,boy
regular,8,547,boy,,small.class,8,536,boy
regular,8,463,boy,,small.class,8,500,boy
regular,8,392,boy,,small.class,8,463,boy
regular,8,473,boy,,small.class,8,405,girl
regular,8,506,boy,,small.class,8,602,girl
regular,8,399,boy,,small.class,8,547,boy
regular,8,500,girl,,small.class,8,489,boy
regular,8,500,girl,,small.class,8,463,girl
regular,8,506,girl,,small.class,8,547,girl
regular,8,454,girl,,small.class,8,547,girl
regular,8,520,girl,,small.class,8,459,boy
regular,8,399,boy,,small.class,8,484,boy
regular,8,449,boy,,small.class,8,473,boy
regular,8,423,girl,,small.class,8,506,girl
regular,8,434,girl,,small.class,8,473,boy
regular,8,520,girl,,small.class,8,513,girl
regular,8,459,girl,,small.class,8,423,girl
regular,8,468,boy,,small.class,8,489,girl
regular,8,434,boy,,small.class,8,506,girl
regular,8,444,boy,,small.class,8,473,girl
regular,8,506,girl,,small.class,8,484,boy
regular,8,506,boy,,small.class,8,559,boy
regular,8,454,girl,,small.class,9,513,girl
regular,8,392,boy,,small.class,9,506,boy
regular,8,484,boy,,small.class,9,528,boy
regular,8,489,boy,,small.class,9,454,boy
regular,8,439,boy,,small.class,9,536,boy
regular,8,405,boy,,small.class,9,602,girl
regular,8,434,boy,,small.class,9,365,girl
regular,8,484,boy,,small.class,9,559,boy
regular,8,444,boy,,small.class,9,536,boy
regular,8,439,girl,,small.class,9,520,boy
regular,8,468,boy,,small.class,9,602,boy
regular,8,484,boy,,small.class,9,459,girl
regular,8,412,boy,,small.class,9,484,girl
regular,8,463,girl,,small.class,9,418,boy
regular,8,439,boy,,small.class,9,536,boy
regular,8,459,girl,,small.class,9,520,girl
regular,8,484,girl,,small.class,9,576,girl
regular,8,506,girl,,small.class,9,478,boy
regular,8,392,boy,,small.class,9,520,boy
regular,8,444,girl,,small.class,9,444,girl
regular,8,399,girl,,small.class,9,494,boy
regular,8,513,girl,,small.class,9,559,girl
regular,8,384,girl,,small.class,9,602,girl
regular,8,429,girl,,small.class,9,473,boy
regular,8,500,girl,,small.class,9,449,boy
regular,8,500,boy,,small.class,9,463,boy
regular,8,444,boy,,small.class,9,500,boy
regular,8,478,boy,,small.class,9,478,girl
regular,8,536,boy,,small.class,9,494,boy
regular,8,429,girl,,small.class,9,489,girl
regular,8,478,boy,,small.class,9,484,girl
regular,8,489,girl,,small.class,9,576,girl
regular,8,405,boy,,small.class,9,536,girl
regular,8,429,boy,,small.class,9,484,girl
regular,8,439,girl,,small.class,9,429,boy
regular,8,513,boy,,small.class,9,547,boy
regular,8,412,girl,,small.class,9,449,boy
regular,8,384,girl,,small.class,9,513,girl
regular,8,473,boy,,small.class,9,405,boy
regular,8,354,boy,,small.class,9,405,girl
regular,8,405,girl,,small.class,9,536,boy
regular,8,423,girl,,small.class,9,536,girl
regular,8,454,boy,,small.class,9,489,girl
regular,8,489,girl,,small.class,9,444,boy
regular,8,489,girl,,small.class,9,559,boy
regular,8,429,boy,,small.class,9,506,girl
regular,8,423,girl,,small.class,9,429,boy
regular,8,473,boy,,small.class,9,412,girl
regular,8,454,girl,,small.class,9,454,boy
regular,8,473,boy,,small.class,9,429,boy
regular,8,439,boy,,small.class,9,500,boy
regular,8,429,boy,,small.class,9,429,girl
regular,8,494,girl,,small.class,9,468,boy
regular,8,454,girl,,small.class,9,423,boy
regular,8,429,boy,,small.class,9,559,boy
regular,8,444,girl,,small.class,9,547,boy
regular,8,478,girl,,small.class,9,418,boy
regular,8,506,girl,,small.class,10,528,girl
regular,9,459,girl,,small.class,10,459,girl
regular,9,484,boy,,small.class,10,489,girl
regular,9,473,boy,,small.class,10,489,girl
regular,9,434,boy,,small.class,10,500,boy
regular,9,489,boy,,small.class,10,434,girl
regular,9,463,boy,,small.class,10,547,girl
regular,9,449,girl,,small.class,10,384,boy
regular,9,459,girl,,small.class,10,602,boy
regular,9,434,girl,,small.class,10,423,boy
regular,9,473,girl,,small.class,10,473,boy
regular,9,449,girl,,small.class,10,423,boy
regular,9,513,girl,,small.class,10,478,boy
regular,9,528,girl,,small.class,10,478,boy
regular,9,484,girl,,small.class,10,454,girl
regular,9,494,girl,,small.class,10,520,girl
regular,9,449,boy,,small.class,10,439,girl
regular,9,484,boy,,small.class,10,489,girl
regular,9,500,boy,,small.class,10,429,girl
regular,9,449,boy,,small.class,10,454,boy
regular,9,449,girl,,small.class,10,547,boy
regular,9,434,boy,,small.class,10,434,girl
regular,9,473,boy,,small.class,10,520,boy
regular,9,489,girl,,small.class,10,500,girl
regular,9,439,boy,,small.class,10,459,boy
regular,9,484,girl,,small.class,10,418,girl
regular,9,489,girl,,small.class,10,528,boy
regular,9,463,boy,,small.class,10,444,boy
regular,9,418,boy,,small.class,10,412,boy
regular,9,478,boy,,small.class,10,454,boy
regular,9,429,boy,,small.class,10,412,girl
regular,9,434,boy,,small.class,10,489,boy
regular,9,500,girl,,small.class,10,547,boy
regular,9,434,boy,,small.class,10,399,boy
regular,9,478,boy,,small.class,10,473,boy
regular,9,520,girl,,small.class,10,500,girl
regular,9,423,boy,,small.class,10,454,boy
regular,9,468,boy,,small.class,10,439,boy
regular,9,439,girl,,small.class,10,489,boy
regular,9,454,girl,,small.class,10,494,boy
regular,9,468,girl,,small.class,10,500,girl
regular,9,520,girl,,small.class,10,576,girl
regular,10,484,girl,,small.class,10,494,boy
regular,10,536,girl,,small.class,10,459,girl
regular,10,528,boy,,small.class,10,454,girl
regular,10,478,boy,,small.class,10,468,boy
regular,10,559,boy,,small.class,10,392,boy
regular,10,500,girl,,small.class,10,478,boy
regular,10,484,boy,,small.class,10,454,boy
regular,10,489,girl,,small.class,10,459,boy
regular,10,513,boy,,small.class,10,468,girl
regular,10,559,boy,,small.class,10,468,girl
regular,10,513,boy,,small.class,10,489,girl
regular,10,418,boy,,small.class,10,449,girl
regular,10,536,boy,,small.class,10,434,girl
regular,10,559,girl,,small.class,10,520,girl
regular,10,473,girl,,small.class,10,444,girl
regular,10,547,girl,,small.class,10,463,girl
regular,10,449,girl,,small.class,10,484,girl
regular,10,528,girl,,small.class,10,449,boy
regular,10,454,girl,,small.class,10,468,boy
regular,10,547,boy,,small.class,10,536,girl
regular,10,423,boy,,small.class,10,463,boy
regular,10,449,boy,,small.class,10,478,girl
regular,10,489,boy,,small.class,10,536,girl
regular,10,520,boy,,small.class,10,484,girl
regular,10,559,girl,,small.class,10,484,boy
regular,10,434,boy,,small.class,10,513,girl
regular,10,478,boy,,small.class,10,484,girl
regular,10,478,boy,,small.class,11,439,girl
regular,10,489,girl,,small.class,11,468,girl
regular,10,494,boy,,small.class,11,484,girl
regular,10,500,boy,,small.class,11,547,boy
regular,10,500,girl,,small.class,11,489,boy
regular,10,494,girl,,small.class,11,489,girl
regular,10,473,boy,,small.class,11,500,girl
regular,10,500,girl,,small.class,11,520,boy
regular,10,576,girl,,small.class,11,547,boy
regular,10,473,boy,,small.class,11,468,boy
regular,10,484,girl,,small.class,11,429,boy
regular,10,449,girl,,small.class,11,463,boy
regular,10,473,boy,,small.class,11,454,boy
regular,10,500,boy,,small.class,11,513,girl
regular,10,484,boy,,small.class,11,536,boy
regular,10,439,boy,,small.class,11,536,girl
regular,10,536,girl,,small.class,11,528,boy
regular,10,506,boy,,small.class,11,484,girl
regular,10,489,boy,,small.class,11,468,girl
regular,10,520,girl,,small.class,11,520,girl
regular,10,520,boy,,small.class,11,536,boy
regular,10,478,girl,,small.class,11,506,girl
regular,10,454,boy,,small.class,11,528,girl
regular,10,405,boy,,small.class,11,520,girl
regular,10,547,girl,,small.class,11,528,boy
regular,10,547,girl,,small.class,11,484,boy
regular,10,473,boy,,small.class,11,449,boy
regular,10,459,girl,,small.class,11,454,girl
regular,10,494,girl,,small.class,11,500,boy
regular,10,449,girl,,small.class,11,468,girl
regular,10,439,girl,,small.class,11,449,boy
regular,10,602,boy,,small.class,11,528,boy
regular,10,449,girl,,small.class,11,444,boy
regular,10,576,boy,,small.class,11,489,boy
regular,10,468,girl,,small.class,11,449,girl
regular,10,559,girl,,small.class,11,434,boy
regular,10,439,girl,,small.class,11,484,boy
regular,10,506,boy,,small.class,11,423,boy
regular,10,494,boy,,small.class,11,602,boy
regular,10,547,girl,,small.class,11,520,girl
regular,10,454,girl,,small.class,11,463,girl
regular,10,500,boy,,small.class,11,459,boy
regular,10,454,boy,,small.class,11,463,girl
regular,10,449,girl,,small.class,11,520,boy
regular,10,449,boy,,small.class,11,576,girl
regular,10,484,boy,,small.class,11,459,girl
regular,10,559,boy,,small.class,11,494,boy
regular,10,520,boy,,small.class,11,547,boy
regular,10,459,girl,,small.class,11,536,boy
regular,10,513,girl,,small.class,11,576,boy
regular,10,468,boy,,small.class,11,484,girl
regular,10,478,boy,,small.class,11,500,boy
regular,10,559,girl,,small.class,11,520,girl
regular,10,559,boy,,small.class,11,536,girl
regular,10,468,girl,,small.class,11,444,boy
regular,10,536,boy,,small.class,11,459,boy
regular,10,500,boy,,small.class,11,439,girl
regular,10,536,boy,,small.class,11,418,boy
regular,10,602,boy,,small.class,11,449,girl
regular,10,559,boy,,small.class,11,528,boy
regular,10,463,boy,,small.class,11,473,girl
regular,10,536,girl,,small.class,11,434,boy
regular,10,528,boy,,small.class,11,559,girl
regular,10,423,boy,,small.class,11,463,boy
regular,10,484,girl,,small.class,11,384,boy
regular,10,478,boy,,small.class,11,513,girl
regular,10,463,boy,,small.class,11,547,girl
regular,10,576,boy,,small.class,11,399,boy
regular,10,444,girl,,small.class,11,463,girl
regular,10,536,girl,,small.class,11,454,boy
regular,10,489,boy,,small.class,11,434,boy
regular,10,444,boy,,small.class,11,494,girl
regular,10,559,boy,,small.class,11,423,boy
regular,10,520,girl,,small.class,11,626,girl
regular,10,484,girl,,small.class,11,473,boy
regular,10,468,girl,,small.class,11,473,boy
regular,10,500,girl,,small.class,11,547,boy
regular,10,500,boy,,small.class,11,423,girl
regular,10,459,boy,,small.class,11,506,girl
regular,10,444,girl,,small.class,11,547,boy
regular,10,520,girl,,small.class,11,478,girl
regular,10,494,boy,,small.class,11,454,girl
regular,10,547,boy,,small.class,11,405,boy
regular,10,547,boy,,small.class,11,468,boy
regular,10,536,boy,,small.class,11,478,girl
regular,10,559,girl,,small.class,11,454,girl
regular,10,478,girl,,small.class,11,500,girl
regular,10,473,boy,,small.class,11,500,girl
regular,10,500,girl,,small.class,11,468,girl
regular,10,536,boy,,small.class,11,576,girl
regular,10,392,boy,,small.class,11,500,boy
regular,10,459,boy,,small.class,11,484,girl
regular,10,559,boy,,small.class,11,473,boy
regular,10,489,girl,,small.class,11,484,girl
regular,11,500,boy,,small.class,11,449,girl
regular,11,500,boy,,small.class,11,478,girl
regular,11,506,girl,,small.class,12,576,boy
regular,11,459,girl,,small.class,12,463,girl
regular,11,576,girl,,small.class,12,559,boy
regular,11,454,boy,,small.class,12,520,boy
regular,11,449,girl,,small.class,12,454,boy
regular,11,439,boy,,small.class,12,576,boy
regular,11,405,boy,,small.class,12,536,girl
regular,11,536,boy,,small.class,12,473,girl
regular,11,520,girl,,small.class,12,478,girl
regular,11,449,boy,,small.class,12,478,girl
regular,11,559,boy,,small.class,12,449,girl
regular,11,412,girl,,small.class,12,459,boy
regular,11,418,boy,,small.class,12,468,boy
regular,11,449,girl,,small.class,12,484,boy
regular,11,449,girl,,small.class,12,547,boy
regular,11,513,girl,,small.class,12,459,boy
regular,11,576,girl,,small.class,12,494,girl
regular,11,434,boy,,small.class,12,506,boy
regular,11,463,boy,,small.class,12,513,girl
regular,11,478,girl,,small.class,12,449,boy
regular,11,494,girl,,small.class,12,513,girl
regular,11,454,girl,,small.class,12,412,boy
regular,11,489,boy,,small.class,12,500,boy
regular,11,434,girl,,small.class,12,494,boy
regular,11,449,girl,,small.class,12,500,boy
regular,11,513,girl,,small.class,12,500,boy
regular,11,473,girl,,small.class,12,513,girl
regular,11,468,girl,,small.class,12,412,boy
regular,11,463,girl,,small.class,12,444,girl
regular,11,418,girl,,small.class,12,536,boy
regular,11,513,girl,,small.class,12,418,girl
regular,11,392,boy,,small.class,12,434,boy
regular,11,444,girl,,small.class,12,506,girl
regular,11,423,girl,,small.class,12,484,girl
regular,11,547,girl,,small.class,12,429,boy
regular,11,494,girl,,small.class,12,459,boy
regular,11,449,girl,,small.class,12,520,girl
regular,11,513,boy,,small.class,12,418,girl
regular,11,478,boy,,small.class,12,473,girl
regular,11,500,girl,,small.class,12,454,girl
regular,11,506,boy,,small.class,12,506,boy
regular,11,494,girl,,small.class,12,520,boy
regular,11,626,girl,,small.class,12,468,boy
regular,11,439,boy,,small.class,12,513,boy
regular,11,459,girl,,small.class,12,559,boy
regular,11,434,boy,,small.class,12,434,girl
regular,11,484,boy,,small.class,12,459,girl
regular,11,459,boy,,small.class,12,412,boy
regular,11,478,boy,,small.class,12,463,girl
regular,11,484,boy,,small.class,12,412,girl
regular,11,500,girl,,small.class,12,500,girl
regular,11,559,boy,,small.class,12,484,girl
regular,11,559,girl,,small.class,12,459,boy
regular,11,459,boy,,small.class,12,506,boy
regular,11,444,boy,,small.class,12,528,girl
regular,11,489,boy,,small.class,12,528,girl
regular,11,444,boy,,small.class,12,418,girl
regular,11,484,girl,,small.class,12,626,girl
regular,11,489,girl,,small.class,12,459,boy
regular,11,528,boy,,small.class,12,459,girl
regular,11,468,girl,,small.class,12,494,girl
regular,11,412,boy,,small.class,12,454,girl
regular,11,576,girl,,small.class,12,489,boy
regular,11,489,boy,,small.class,12,478,girl
regular,11,454,boy,,small.class,12,494,girl
regular,11,473,boy,,small.class,12,602,boy
regular,11,513,girl,,small.class,12,473,girl
regular,11,536,boy,,small.class,12,429,boy
regular,11,489,girl,,small.class,12,392,girl
regular,11,489,girl,,small.class,12,559,boy
regular,11,463,boy,,small.class,12,429,boy
regular,11,513,girl,,small.class,12,478,boy
regular,11,494,boy,,small.class,12,439,boy
regular,11,576,boy,,small.class,12,520,girl
regular,11,429,girl,,small.class,12,513,girl
regular,11,520,girl,,small.class,12,434,boy
regular,11,463,boy,,small.class,12,449,girl
regular,11,468,girl,,small.class,12,463,girl
regular,11,444,girl,,small.class,12,547,boy
regular,11,434,girl,,small.class,12,576,girl
regular,11,500,boy,,small.class,12,468,girl
regular,11,506,girl,,small.class,12,506,boy
regular,11,439,girl,,small.class,12,500,girl
regular,11,449,boy,,small.class,12,500,boy
regular,11,520,boy,,small.class,12,528,boy
regular,11,528,boy,,small.class,12,494,girl
regular,11,506,boy,,small.class,12,463,girl
regular,11,506,girl,,small.class,12,478,boy
regular,11,444,girl,,small.class,12,468,girl
regular,11,468,girl,,small.class,12,449,girl
regular,11,449,girl,,small.class,12,547,girl
regular,11,500,girl,,small.class,12,459,girl
regular,11,449,boy,,small.class,12,536,boy
regular,11,528,girl,,small.class,12,434,boy
regular,11,418,girl,,small.class,12,473,boy
regular,11,478,boy,,small.class,12,429,boy
regular,11,423,boy,,small.class,12,429,girl
regular,11,468,boy,,small.class,12,506,boy
regular,11,489,boy,,small.class,12,468,boy
regular,11,478,boy,,small.class,12,602,boy
regular,11,559,boy,,small.class,12,547,girl
regular,11,449,girl,,small.class,12,434,boy
regular,11,536,girl,,small.class,12,536,boy
regular,11,468,girl,,small.class,12,439,boy
regular,11,439,boy,,small.class,12,494,girl
regular,11,434,girl,,small.class,12,444,girl
regular,11,484,boy,,small.class,12,559,girl
regular,11,559,boy,,small.class,12,444,girl
regular,11,429,girl,,small.class,12,513,boy
regular,11,494,boy,,small.class,12,454,boy
regular,11,489,boy,,small.class,12,412,boy
regular,11,444,girl,,small.class,12,412,girl
regular,11,602,boy,,small.class,12,444,girl
regular,11,602,boy,,small.class,12,423,girl
regular,11,478,girl,,small.class,12,449,girl
regular,11,489,girl,,small.class,12,444,girl
regular,11,478,girl,,small.class,12,602,boy
regular,11,449,boy,,small.class,12,468,girl
regular,11,439,girl,,small.class,12,489,girl
regular,11,484,boy,,small.class,12,500,boy
regular,11,536,girl,,small.class,12,506,girl
regular,11,463,boy,,small.class,12,478,girl
regular,11,478,girl,,small.class,12,489,boy
regular,11,418,boy,,small.class,12,429,girl
regular,11,489,girl,,small.class,12,478,girl
regular,11,547,boy,,small.class,12,412,girl
regular,11,489,girl,,small.class,12,494,boy
regular,11,449,boy,,small.class,12,626,boy
regular,11,520,boy,,small.class,12,399,boy
regular,11,506,girl,,small.class,12,506,boy
regular,11,468,boy,,small.class,12,468,boy
regular,11,473,boy,,small.class,12,536,girl
regular,11,434,boy,,small.class,12,454,girl
regular,11,494,boy,,small.class,12,444,girl
regular,11,494,boy,,small.class,12,528,boy
regular,11,444,girl,,small.class,12,528,girl
regular,11,489,boy,,small.class,12,559,girl
regular,11,399,boy,,small.class,12,602,girl
regular,11,484,girl,,small.class,12,520,boy
regular,11,489,boy,,small.class,12,375,boy
regular,11,468,girl,,small.class,12,494,boy
regular,11,494,girl,,small.class,12,454,boy
regular,12,547,girl,,small.class,12,536,girl
regular,12,463,boy,,small.class,12,602,girl
regular,12,528,girl,,small.class,12,473,girl
regular,12,602,girl,,small.class,12,449,boy
regular,12,423,boy,,small.class,12,506,boy
regular,12,494,boy,,small.class,12,478,girl
regular,12,536,boy,,small.class,12,602,girl
regular,12,478,boy,,small.class,12,576,girl
regular,12,506,girl,,small.class,12,506,boy
regular,12,513,boy,,small.class,13,468,girl
regular,12,449,girl,,small.class,13,506,boy
regular,12,547,girl,,small.class,13,468,girl
regular,12,473,girl,,small.class,13,459,boy
regular,12,399,boy,,small.class,13,468,girl
regular,12,559,girl,,small.class,13,478,girl
regular,12,478,girl,,small.class,13,500,boy
regular,12,444,boy,,small.class,13,489,girl
regular,12,434,boy,,small.class,13,489,boy
regular,12,478,boy,,small.class,13,463,girl
regular,12,473,girl,,small.class,13,626,girl
regular,12,473,boy,,small.class,13,500,boy
regular,12,444,boy,,small.class,13,468,boy
regular,12,484,boy,,small.class,13,489,boy
regular,12,478,girl,,small.class,13,459,boy
regular,12,484,girl,,small.class,13,520,boy
regular,12,506,boy,,small.class,13,536,girl
regular,12,439,boy,,small.class,13,536,girl
regular,12,484,girl,,small.class,13,444,boy
regular,12,500,boy,,small.class,13,484,boy
regular,12,494,girl,,small.class,13,444,girl
regular,12,429,boy,,small.class,13,468,boy
regular,12,506,boy,,small.class,13,468,girl
regular,12,528,boy,,small.class,13,536,girl
regular,12,513,girl,,small.class,13,536,girl
regular,12,513,boy,,small.class,13,506,girl
regular,12,484,boy,,small.class,13,602,girl
regular,12,528,boy,,small.class,13,468,boy
regular,12,528,girl,,small.class,13,528,boy
regular,12,536,boy,,small.class,13,506,girl
regular,12,536,girl,,small.class,13,484,boy
regular,12,489,girl,,small.class,13,506,girl
regular,12,484,boy,,small.class,13,494,girl
regular,12,559,girl,,small.class,13,500,girl
regular,12,528,girl,,small.class,13,536,girl
regular,12,429,boy,,small.class,13,528,boy
regular,12,468,boy,,small.class,13,484,girl
regular,12,547,girl,,small.class,13,429,boy
regular,12,520,girl,,small.class,13,459,boy
regular,12,454,girl,,small.class,13,473,girl
regular,12,484,boy,,small.class,13,602,girl
regular,12,478,boy,,small.class,13,444,boy
regular,12,429,girl,,small.class,13,468,boy
regular,12,468,boy,,small.class,13,489,girl
regular,12,412,boy,,small.class,13,484,boy
regular,12,412,girl,,small.class,13,506,girl
regular,12,434,girl,,small.class,13,513,girl
regular,12,528,boy,,small.class,13,468,girl
regular,12,559,girl,,small.class,13,439,boy
regular,12,429,girl,,small.class,13,494,girl
regular,12,536,girl,,small.class,13,528,boy
regular,12,468,girl,,small.class,13,439,boy
regular,12,494,girl,,small.class,13,513,girl
regular,12,500,girl,,small.class,13,439,boy
regular,12,494,boy,,small.class,13,500,boy
regular,12,454,boy,,small.class,13,536,boy
regular,12,602,girl,,small.class,13,463,boy
regular,12,473,girl,,small.class,13,434,girl
regular,12,536,boy,,small.class,13,528,girl
regular,12,399,boy,,small.class,13,489,boy
regular,12,536,girl,,small.class,13,506,girl
regular,12,494,girl,,small.class,13,468,girl
regular,12,520,boy,,small.class,13,454,boy
regular,12,559,boy,,small.class,13,478,boy
regular,12,439,boy,,small.class,13,500,girl
regular,12,536,girl,,small.class,13,468,boy
regular,12,405,boy,,small.class,13,520,girl
regular,12,444,girl,,small.class,13,478,girl
regular,12,547,girl,,small.class,13,463,girl
regular,12,520,girl,,small.class,13,463,girl
regular,12,506,boy,,small.class,13,412,boy
regular,12,478,boy,,small.class,14,602,boy
regular,12,520,boy,,small.class,14,500,girl
regular,12,536,girl,,small.class,14,547,girl
regular,12,459,girl,,small.class,14,468,boy
regular,12,500,boy,,small.class,14,559,girl
regular,12,494,boy,,small.class,14,626,girl
regular,12,494,boy,,small.class,14,429,boy
regular,12,478,girl,,small.class,14,626,boy
regular,12,513,girl,,small.class,14,463,girl
regular,12,418,boy,,small.class,14,559,boy
regular,12,463,girl,,small.class,14,439,girl
regular,12,559,boy,,small.class,14,506,boy
regular,12,547,girl,,small.class,14,506,boy
regular,12,468,boy,,small.class,14,602,boy
regular,12,513,girl,,small.class,14,506,boy
regular,12,520,boy,,small.class,14,506,boy
regular,12,520,girl,,small.class,14,547,girl
regular,12,463,girl,,small.class,14,520,girl
regular,12,489,girl,,small.class,14,489,boy
regular,12,489,girl,,small.class,14,434,boy
regular,12,494,boy,,small.class,14,494,boy
regular,12,528,boy,,small.class,14,559,girl
regular,12,478,girl,,small.class,14,494,boy
regular,12,484,girl,,small.class,14,547,girl
regular,12,559,boy,,small.class,14,500,girl
regular,12,384,boy,,small.class,14,478,boy
regular,12,506,girl,,small.class,14,489,girl
regular,12,536,girl,,small.class,14,576,girl
regular,12,405,girl,,small.class,14,494,boy
regular,12,405,girl,,small.class,14,547,girl
regular,12,536,boy,,small.class,14,500,boy
regular,12,536,boy,,small.class,14,489,girl
regular,12,513,girl,,small.class,14,547,boy
regular,12,439,girl,,small.class,14,444,girl
regular,12,536,boy,,small.class,14,528,girl
regular,12,468,boy,,small.class,14,444,boy
regular,12,559,girl,,small.class,14,602,boy
regular,12,468,boy,,small.class,14,434,boy
regular,12,444,boy,,small.class,14,494,boy
regular,12,434,girl,,small.class,14,478,boy
regular,12,576,girl,,small.class,14,418,boy
regular,12,444,girl,,small.class,14,528,girl
regular,12,520,boy,,small.class,14,473,girl
regular,12,434,girl,,small.class,14,528,boy
regular,12,412,boy,,small.class,14,576,girl
regular,12,559,girl,,small.class,14,528,girl
regular,12,520,boy,,small.class,14,528,girl
regular,12,463,girl,,small.class,14,547,boy
regular,12,459,boy,,small.class,14,399,boy
regular,12,463,boy,,small.class,14,459,girl
regular,12,500,boy,,small.class,14,454,girl
regular,12,418,girl,,small.class,14,473,boy
regular,12,576,girl,,small.class,14,489,girl
regular,12,506,girl,,small.class,14,449,girl
regular,12,536,girl,,small.class,14,576,boy
regular,12,454,boy,,small.class,14,434,boy
regular,12,576,girl,,small.class,14,559,girl
regular,12,473,girl,,small.class,14,444,boy
regular,12,494,girl,,small.class,14,626,boy
regular,12,506,girl,,small.class,14,528,girl
regular,12,547,boy,,small.class,14,500,girl
regular,12,520,boy,,small.class,14,602,boy
regular,12,626,girl,,small.class,14,494,boy
regular,12,494,boy,,small.class,14,626,boy
regular,12,423,girl,,small.class,14,423,girl
regular,12,423,girl,,small.class,14,468,girl
regular,12,423,boy,,small.class,14,459,girl
regular,12,405,girl,,small.class,14,439,boy
regular,12,434,boy,,small.class,14,513,girl
regular,13,473,boy,,small.class,14,602,boy
regular,13,484,boy,,small.class,14,513,girl
regular,13,559,boy,,small.class,14,547,girl
regular,13,454,boy,,small.class,14,547,boy
regular,13,513,boy,,small.class,14,528,boy
regular,13,506,boy,,small.class,14,559,boy
regular,13,500,boy,,small.class,14,439,boy
regular,13,459,girl,,small.class,14,536,girl
regular,13,484,girl,,small.class,14,429,girl
regular,13,439,girl,,small.class,14,559,girl
regular,13,528,boy,,small.class,14,528,girl
regular,13,459,boy,,small.class,14,494,girl
regular,13,412,girl,,small.class,14,473,boy
regular,13,494,girl,,small.class,14,513,boy
regular,13,500,boy,,small.class,14,459,girl
regular,13,468,girl,,small.class,14,536,girl
regular,13,439,girl,,small.class,14,602,girl
regular,13,423,boy,,small.class,14,489,girl
regular,13,384,boy,,small.class,14,576,girl
regular,13,484,girl,,small.class,14,459,girl
regular,13,418,boy,,small.class,14,528,boy
regular,13,547,girl,,small.class,14,528,boy
regular,13,463,boy,,small.class,14,484,girl
regular,13,449,boy,,small.class,14,513,boy
regular,13,536,boy,,small.class,14,494,girl
regular,13,449,boy,,small.class,14,528,girl
regular,13,478,girl,,small.class,14,399,boy
regular,13,500,boy,,small.class,14,536,boy
regular,13,418,boy,,small.class,14,602,boy
regular,13,468,boy,,small.class,14,506,boy
regular,13,500,girl,,small.class,14,576,girl
regular,13,468,boy,,small.class,14,576,girl
regular,13,484,girl,,small.class,14,576,girl
regular,13,463,girl,,small.class,15,576,girl
regular,13,489,boy,,small.class,15,576,boy
regular,13,463,girl,,small.class,15,439,boy
regular,13,439,girl,,small.class,15,473,boy
regular,13,429,boy,,small.class,15,473,girl
regular,13,536,boy,,small.class,15,459,boy
regular,13,559,girl,,small.class,15,506,girl
regular,13,500,boy,,small.class,15,412,girl
regular,13,489,girl,,small.class,15,463,boy
regular,13,484,girl,,small.class,15,473,girl
regular,13,444,boy,,small.class,15,478,boy
regular,13,494,girl,,small.class,15,547,girl
regular,13,513,girl,,small.class,15,423,boy
regular,13,449,girl,,small.class,15,559,boy
regular,13,484,boy,,small.class,15,478,boy
regular,13,423,boy,,small.class,15,444,boy
regular,13,423,boy,,small.class,15,459,girl
regular,13,449,boy,,small.class,15,500,boy
regular,13,473,boy,,small.class,15,459,girl
regular,13,547,girl,,small.class,15,449,boy
regular,13,444,girl,,small.class,15,484,boy
regular,13,434,boy,,small.class,15,520,boy
regular,13,478,boy,,small.class,15,484,girl
regular,13,528,girl,,small.class,15,484,boy
regular,13,449,girl,,small.class,15,449,boy
regular,13,434,girl,,small.class,15,559,boy
regular,13,473,boy,,small.class,15,463,boy
regular,13,478,girl,,small.class,15,478,girl
regular,13,429,girl,,small.class,15,405,boy
regular,13,484,boy,,small.class,15,454,girl
regular,13,473,boy,,small.class,15,520,girl
regular,13,459,boy,,small.class,15,463,girl
regular,13,429,girl,,small.class,15,494,boy
regular,13,513,boy,,small.class,15,626,boy
regular,13,444,girl,,small.class,15,429,girl
regular,13,520,girl,,small.class,15,506,girl
regular,13,449,boy,,small.class,15,547,girl
regular,13,494,boy,,small.class,15,489,boy
regular,13,489,girl,,small.class,15,559,boy
regular,13,500,boy,,small.class,15,513,boy
regular,13,547,girl,,small.class,15,494,girl
regular,13,459,girl,,small.class,15,454,boy
regular,13,559,girl,,small.class,15,513,boy
regular,13,454,boy,,small.class,15,463,boy
regular,13,520,girl,,small.class,15,520,boy
regular,13,478,girl,,small.class,15,434,boy
regular,13,449,boy,,small.class,15,536,girl
regular,13,463,boy,,small.class,15,484,girl
regular,13,434,girl,,small.class,15,547,boy
regular,13,434,boy,,small.class,15,478,boy
regular,13,513,boy,,small.class,15,444,boy
regular,13,520,girl,,small.class,15,484,girl
regular,13,576,boy,,small.class,15,434,boy
regular,13,520,girl,,small.class,15,528,girl
regular,13,444,girl,,small.class,15,489,girl
regular,13,444,girl,,small.class,15,473,boy
regular,13,392,boy,,small.class,15,484,girl
regular,13,559,boy,,small.class,15,484,boy
regular,13,473,girl,,small.class,15,602,girl
regular,13,459,girl,,small.class,15,484,boy
regular,13,399,boy,,small.class,15,454,girl
regular,13,412,girl,,small.class,15,468,boy
regular,13,576,girl,,small.class,15,559,boy
regular,13,576,girl,,small.class,15,520,boy
regular,13,506,girl,,small.class,15,478,boy
regular,13,439,boy,,small.class,15,473,girl
regular,13,473,boy,,small.class,15,528,girl
regular,13,434,girl,,small.class,15,454,girl
regular,13,500,girl,,small.class,15,547,boy
regular,13,520,girl,,small.class,15,528,girl
regular,13,444,boy,,small.class,15,576,boy
regular,13,478,girl,,small.class,15,602,girl
regular,13,463,boy,,small.class,15,463,girl
regular,13,468,boy,,small.class,15,463,boy
regular,13,473,girl,,small.class,15,468,boy
regular,13,473,boy,,small.class,15,439,girl
regular,13,423,boy,,small.class,15,478,boy
regular,13,494,boy,,small.class,16,484,boy
regular,13,468,girl,,small.class,16,520,boy
regular,13,423,girl,,small.class,16,468,girl
regular,13,454,boy,,small.class,16,459,boy
regular,13,494,boy,,small.class,16,473,boy
regular,13,468,girl,,small.class,16,468,boy
regular,13,520,girl,,small.class,16,459,boy
regular,13,500,boy,,small.class,16,468,girl
regular,13,459,girl,,small.class,16,506,boy
regular,13,468,girl,,small.class,16,500,girl
regular,13,463,boy,,small.class,16,536,boy
regular,13,459,girl,,small.class,16,547,girl
regular,13,444,boy,,small.class,16,576,boy
regular,13,449,boy,,small.class,16,484,girl
regular,13,484,boy,,small.class,16,468,girl
regular,13,468,boy,,small.class,16,520,boy
regular,13,473,boy,,small.class,16,602,boy
regular,13,392,boy,,small.class,16,513,girl
regular,13,473,boy,,small.class,16,500,girl
regular,13,494,boy,,small.class,16,602,girl
regular,13,489,boy,,small.class,16,494,boy
regular,13,429,girl,,small.class,16,547,girl
regular,13,459,boy,,small.class,16,536,boy
regular,13,399,boy,,small.class,16,478,boy
regular,13,506,girl,,small.class,16,489,boy
regular,13,489,boy,,small.class,16,547,girl
regular,13,494,boy,,small.class,16,547,girl
regular,13,459,boy,,small.class,16,576,girl
regular,13,528,boy,,small.class,17,506,boy
regular,13,576,boy,,small.class,17,489,boy
regular,13,506,boy,,small.class,17,559,girl
regular,13,484,boy,,small.class,17,459,girl
regular,13,412,girl,,small.class,17,478,boy
regular,13,478,boy,,small.class,17,463,girl
regular,13,473,girl,,small.class,17,520,boy
regular,13,434,boy,,small.class,17,463,boy
regular,13,444,boy,,small.class,17,439,boy
regular,13,459,girl,,small.class,17,434,boy
regular,13,473,girl,,small.class,17,449,girl
regular,13,484,girl,,small.class,17,576,boy
regular,13,520,girl,,small.class,17,478,girl
regular,13,418,girl,,small.class,17,602,girl
regular,13,559,boy,,small.class,17,536,girl
regular,13,520,boy,,small.class,17,528,boy
regular,13,513,boy,,small.class,17,444,boy
regular,13,454,girl,,small.class,17,459,boy
regular,13,454,boy,,small.class,17,489,boy
regular,13,454,boy,,small.class,17,513,boy
regular,13,576,girl,,small.class,17,473,boy
regular,13,423,boy,,small.class,17,500,boy
regular,13,513,boy,,small.class,17,528,girl
regular,13,463,girl,,small.class,18,602,boy
regular,13,449,girl,,small.class,18,602,boy
regular,13,513,girl,,small.class,18,528,boy
regular,13,463,boy,,small.class,18,576,girl
regular,13,489,girl,,small.class,18,506,girl
regular,13,444,boy,,small.class,18,520,girl
regular,13,449,boy,,small.class,18,500,girl
regular,13,449,girl,,small.class,18,489,boy
regular,13,506,girl,,small.class,18,489,boy
regular,13,500,boy,,small.class,18,494,boy
regular,13,489,boy,,small.class,18,520,girl
regular,13,468,girl,,small.class,18,626,boy
regular,13,484,boy,,small.class,19,429,boy
regular,13,478,boy,,small.class,19,494,girl
regular,13,459,girl,,small.class,19,489,girl
regular,13,494,boy,,small.class,19,576,boy
regular,13,463,boy,,small.class,19,454,boy
regular,13,454,boy,,small.class,19,384,boy
regular,13,429,girl,,small.class,19,513,girl
regular,13,478,girl,,small.class,19,513,girl
regular,13,423,boy,,small.class,19,513,boy
regular,13,463,boy,,small.class,19,559,girl
regular,13,468,boy,,small.class,19,444,boy
regular,13,463,girl,,small.class,19,473,boy
regular,13,418,girl,,small.class,19,459,girl
regular,13,429,girl,,small.class,19,484,girl
regular,13,418,girl,,small.class,19,489,boy
regular,13,454,boy,,small.class,19,468,girl
regular,13,559,boy,,small.class,19,500,girl
regular,13,484,girl,,small.class,19,459,girl
regular,13,405,boy,,small.class,19,444,girl
regular,13,434,girl,,small.class,19,513,boy
regular,13,489,boy,,small.class,19,454,boy
regular,13,536,boy,,small.class,19,506,boy
regular,13,536,boy,,small.class,19,449,girl
regular,13,478,girl,,small.class,19,459,girl
regular,13,423,boy,,small.class,19,494,girl
regular,13,429,boy,,small.class,19,473,boy
regular,13,412,girl,,small.class,19,536,boy
regular,13,500,girl,,small.class,19,494,girl
regular,13,434,boy,,small.class,19,473,girl
regular,13,429,boy,,small.class,20,468,girl
regular,13,489,boy,,small.class,20,412,girl
regular,13,494,girl,,small.class,20,459,boy
regular,13,444,boy,,small.class,20,489,boy
regular,13,473,boy,,small.class,20,473,boy
regular,13,520,girl,,small.class,20,494,boy
regular,13,484,boy,,small.class,20,506,boy
regular,13,528,girl,,small.class,20,559,boy
regular,13,429,boy,,small.class,20,489,girl
regular,13,547,boy,,small.class,20,468,boy
regular,13,473,girl,,small.class,20,429,boy
regular,13,576,boy,,small.class,20,520,boy
regular,13,489,girl,,small.class,20,478,girl
regular,13,473,boy,,small.class,20,454,boy
regular,13,484,girl,,small.class,20,494,girl
regular,13,444,boy,,small.class,20,484,girl
regular,13,500,boy,,small.class,20,500,girl
regular,13,559,girl,,small.class,20,459,boy
regular,13,468,boy,,small.class,20,478,girl
regular,13,459,boy,,small.class,20,513,girl
regular,13,484,girl,,small.class,20,626,girl
regular,13,506,girl,,small.class,20,513,boy
regular,13,454,boy,,small.class,20,520,boy
regular,13,520,girl,,small.class,20,489,girl
regular,13,513,girl,,small.class,20,444,girl
regular,13,459,boy,,small.class,20,449,girl
regular,13,429,boy,,small.class,20,439,boy
regular,13,449,girl,,small.class,20,494,girl
regular,13,412,girl,,small.class,21,536,girl
regular,13,576,girl,,small.class,21,506,girl
regular,13,459,boy,,small.class,21,484,boy
regular,13,494,girl,,small.class,21,439,girl
regular,13,459,boy,,small.class,21,423,girl
regular,13,399,boy,,small.class,21,494,boy
regular,13,459,girl,,small.class,21,375,girl
regular,13,434,girl,,small.class,21,489,girl
regular,13,459,boy,,small.class,21,449,boy
regular,13,478,girl,,small.class,21,494,boy
regular,13,468,girl,,small.class,21,423,boy
regular,13,494,girl,,small.class,21,602,boy
regular,13,602,girl,,small.class,21,468,boy
regular,13,547,girl,,small.class,21,444,girl
regular,13,468,girl,,small.class,21,500,boy
regular,13,528,girl,,small.class,21,506,girl
regular,13,399,girl,,small.class,21,576,girl
regular,13,478,girl,,small.class,21,559,girl
regular,13,559,girl,,small.class,21,449,girl
regular,13,468,girl,,small.class,21,626,girl
regular,14,473,girl,,small.class,21,513,boy
regular,14,559,girl,,small.class,21,478,girl
regular,14,506,boy,,small.class,21,602,girl
regular,14,444,girl,,small.class,21,489,girl
regular,14,500,boy,,small.class,21,463,boy
regular,14,559,girl,,small.class,21,494,girl
regular,14,520,boy,,small.class,21,449,boy
regular,14,559,boy,,small.class,21,528,boy
regular,14,384,boy,,small.class,21,489,girl
regular,14,454,girl,,small.class,21,423,girl
regular,14,459,girl,,small.class,21,454,girl
regular,14,468,boy,,small.class,21,418,boy
regular,14,459,girl,,small.class,21,484,girl
regular,14,454,boy,,small.class,21,536,boy
regular,14,626,girl,,small.class,21,494,girl
regular,14,444,boy,,small.class,21,478,boy
regular,14,454,boy,,small.class,21,418,girl
regular,14,484,boy,,small.class,21,439,boy
regular,14,473,girl,,small.class,21,484,boy
regular,15,434,girl,,small.class,21,384,boy
regular,15,484,boy,,small.class,21,500,girl
regular,15,520,girl,,small.class,21,429,boy
regular,15,463,girl,,small.class,21,478,girl
regular,15,444,boy,,small.class,21,454,girl
regular,15,536,girl,,small.class,21,478,girl
regular,15,473,girl,,small.class,21,463,girl
regular,15,459,girl,,small.class,21,463,girl
regular,15,536,boy,,small.class,21,478,boy
regular,15,439,girl,,small.class,21,473,boy
regular,15,494,girl,,small.class,21,468,boy
regular,15,468,girl,,small.class,21,459,boy
regular,15,626,girl,,small.class,21,489,girl
regular,15,449,boy,,small.class,21,559,girl
regular,15,459,girl,,small.class,21,513,girl
regular,15,500,boy,,small.class,21,449,girl
regular,15,463,boy,,small.class,22,484,boy
regular,15,547,boy,,small.class,22,478,girl
regular,15,478,girl,,small.class,22,444,girl
regular,15,478,boy,,small.class,22,520,boy
regular,15,513,girl,,small.class,22,434,girl
regular,15,500,girl,,small.class,22,500,girl
regular,15,626,girl,,small.class,22,500,girl
regular,15,536,girl,,small.class,22,459,boy
regular,15,547,boy,,small.class,22,547,boy
regular,15,473,girl,,small.class,22,412,girl
regular,15,489,girl,,small.class,22,559,girl
regular,15,463,boy,,small.class,22,459,girl
regular,15,576,girl,,small.class,22,489,boy
regular,15,478,boy,,small.class,22,423,boy
regular,15,602,boy,,small.class,22,478,girl
regular,15,478,girl,,small.class,22,513,boy
regular,15,478,boy,,small.class,27,434,girl
regular,15,528,girl,,small.class,27,547,girl
regular,15,405,girl,,small.class,27,506,girl
regular,15,513,boy,,small.class,27,489,boy
regular,15,429,girl,,small.class,27,468,girl
regular,15,454,boy,,small.class,27,576,boy
regular,15,506,boy,,small.class,27,468,girl
regular,15,559,girl,,small.class,27,478,girl
regular,15,513,girl,,small.class,27,468,girl
regular,15,434,girl,,small.class,27,454,boy
regular,15,484,girl,,,,,
regular,15,418,boy,,,,,
regular,15,468,boy,,,,,
regular,15,399,girl,,,,,
regular,15,484,girl,,,,,
regular,15,494,boy,,,,,
regular,15,528,girl,,,,,
regular,15,559,girl,,,,,
regular,15,489,boy,,,,,
regular,15,478,girl,,,,,
regular,15,473,girl,,,,,
regular,15,506,boy,,,,,
regular,15,576,girl,,,,,
regular,15,576,boy,,,,,
regular,15,429,girl,,,,,
regular,15,449,girl,,,,,
regular,15,439,boy,,,,,
regular,15,513,boy,,,,,
regular,15,423,boy,,,,,
regular,15,478,boy,,,,,
regular,15,439,boy,,,,,
regular,15,506,boy,,,,,
regular,15,489,boy,,,,,
regular,15,602,girl,,,,,
regular,15,536,boy,,,,,
regular,15,494,girl,,,,,
regular,15,459,girl,,,,,
regular,15,576,boy,,,,,
regular,15,536,girl,,,,,
regular,15,528,girl,,,,,
regular,15,463,boy,,,,,
regular,15,473,girl,,,,,
regular,15,626,girl,,,,,
regular,15,528,boy,,,,,
regular,15,463,boy,,,,,
regular,15,468,girl,,,,,
regular,15,463,boy,,,,,
regular,16,559,boy,,,,,
regular,16,489,girl,,,,,
regular,16,500,girl,,,,,
regular,16,500,boy,,,,,
regular,16,429,girl,,,,,
regular,16,500,girl,,,,,
regular,16,576,boy,,,,,
regular,16,536,girl,,,,,
regular,16,454,girl,,,,,
regular,16,459,girl,,,,,
regular,16,478,boy,,,,,
regular,16,478,boy,,,,,
regular,16,473,boy,,,,,
regular,16,484,girl,,,,,
regular,16,489,girl,,,,,
regular,16,494,boy,,,,,
regular,16,520,girl,,,,,
regular,16,473,boy,,,,,
regular,16,547,girl,,,,,
regular,16,412,boy,,,,,
regular,16,500,girl,,,,,
regular,16,459,girl,,,,,
regular,16,494,boy,,,,,
regular,16,429,boy,,,,,
regular,16,536,boy,,,,,
regular,16,536,boy,,,,,
regular,16,559,girl,,,,,
regular,16,494,boy,,,,,
regular,16,506,girl,,,,,
regular,16,468,boy,,,,,
regular,16,520,girl,,,,,
regular,16,536,girl,,,,,
regular,16,528,boy,,,,,
regular,16,547,girl,,,,,
regular,16,454,girl,,,,,
regular,16,602,girl,,,,,
regular,16,528,boy,,,,,
regular,16,500,boy,,,,,
regular,16,439,girl,,,,,
regular,16,478,girl,,,,,
regular,16,463,boy,,,,,
regular,16,463,boy,,,,,
regular,16,520,girl,,,,,
regular,16,513,boy,,,,,
regular,16,444,girl,,,,,
regular,16,484,boy,,,,,
regular,16,602,girl,,,,,
regular,16,506,boy,,,,,
regular,16,494,girl,,,,,
regular,16,454,boy,,,,,
regular,16,494,girl,,,,,
regular,16,547,boy,,,,,
regular,16,528,boy,,,,,
regular,16,520,boy,,,,,
regular,16,454,boy,,,,,
regular,16,547,girl,,,,,
regular,16,520,girl,,,,,
regular,16,626,girl,,,,,
regular,16,473,girl,,,,,
regular,17,489,girl,,,,,
regular,17,478,girl,,,,,
regular,17,478,girl,,,,,
regular,17,444,boy,,,,,
regular,17,478,girl,,,,,
regular,17,439,girl,,,,,
regular,17,444,boy,,,,,
regular,17,454,boy,,,,,
regular,17,444,boy,,,,,
regular,17,468,boy,,,,,
regular,17,520,girl,,,,,
regular,17,468,girl,,,,,
regular,17,418,girl,,,,,
regular,17,478,girl,,,,,
regular,17,506,girl,,,,,
regular,17,494,boy,,,,,
regular,17,429,boy,,,,,
regular,17,500,girl,,,,,
regular,17,494,girl,,,,,
regular,18,468,boy,,,,,
regular,18,494,girl,,,,,
regular,18,463,girl,,,,,
regular,18,454,girl,,,,,
regular,18,405,boy,,,,,
regular,18,423,girl,,,,,
regular,18,528,boy,,,,,
regular,18,459,boy,,,,,
regular,18,463,boy,,,,,
regular,18,478,boy,,,,,
regular,18,536,girl,,,,,
regular,18,454,girl,,,,,
regular,18,439,boy,,,,,
regular,18,444,girl,,,,,
regular,18,489,girl,,,,,
regular,18,449,boy,,,,,
regular,18,500,girl,,,,,
regular,18,423,boy,,,,,
regular,19,559,boy,,,,,
regular,19,547,girl,,,,,
regular,19,559,girl,,,,,
regular,19,528,girl,,,,,
regular,19,528,boy,,,,,
regular,19,520,girl,,,,,
regular,19,484,boy,,,,,
regular,19,602,boy,,,,,
regular,19,559,boy,,,,,
regular,19,626,girl,,,,,
regular,19,500,girl,,,,,
regular,19,520,boy,,,,,
regular,19,576,girl,,,,,
regular,19,536,girl,,,,,
regular,19,473,girl,,,,,
regular,19,547,girl,,,,,
regular,19,500,boy,,,,,
regular,19,520,girl,,,,,
regular,19,494,girl,,,,,
regular,20,559,boy,,,,,
regular,20,384,boy,,,,,
regular,20,463,girl,,,,,
regular,20,528,girl,,,,,
regular,20,489,girl,,,,,
regular,20,459,boy,,,,,
regular,20,602,boy,,,,,
regular,20,489,girl,,,,,
regular,20,602,girl,,,,,
regular,20,463,girl,,,,,
regular,20,536,boy,,,,,
regular,20,489,girl,,,,,
regular,20,439,boy,,,,,
regular,20,547,girl,,,,,
regular,20,576,girl,,,,,
regular,20,506,girl,,,,,
regular,20,576,boy,,,,,
regular,20,489,boy,,,,,
regular,20,484,boy,,,,,
regular,20,602,girl,,,,,
regular,20,399,girl,,,,,
regular,20,626,girl,,,,,
regular,20,449,girl,,,,,
regular,20,520,girl,,,,,
regular,20,547,boy,,,,,
regular,20,626,girl,,,,,
regular,20,528,boy,,,,,
regular,20,520,girl,,,,,
regular,20,473,girl,,,,,
regular,20,602,boy,,,,,
regular,20,602,girl,,,,,
regular,20,500,boy,,,,,
regular,20,602,girl,,,,,
regular,20,459,girl,,,,,
regular,20,506,boy,,,,,
regular,20,626,boy,,,,,
regular,20,626,girl,,,,,
regular,20,506,girl,,,,,
regular,20,478,boy,,,,,
regular,20,528,girl,,,,,
regular,20,506,girl,,,,,
regular,20,439,girl,,,,,
regular,20,500,boy,,,,,
regular,20,449,boy,,,,,
regular,20,418,girl,,,,,
regular,20,547,girl,,,,,
regular,20,536,boy,,,,,
regular,20,459,boy,,,,,
regular,20,473,boy,,,,,
regular,20,454,boy,,,,,
regular,20,444,girl,,,,,
regular,20,547,boy,,,,,
regular,22,484,boy,,,,,
regular,22,500,girl,,,,,
regular,22,484,girl,,,,,
regular,22,494,boy,,,,,
regular,22,520,girl,,,,,
regular,22,513,girl,,,,,
regular,22,468,boy,,,,,
regular,22,520,girl,,,,,
regular,22,392,boy,,,,,
regular,22,528,boy,,,,,
regular,22,459,girl,,,,,
regular,22,528,girl,,,,,
regular,22,449,girl,,,,,
regular,22,473,boy,,,,,
regular,22,489,boy,,,,,
regular,22,418,girl,,,,,
regular,22,463,boy,,,,,
regular,22,520,boy,,,,,
regular,22,454,girl,,,,,
regular,22,478,girl,,,,,
regular,24,536,girl,,,,,
regular,24,473,girl,,,,,
regular,24,528,boy,,,,,
regular,24,478,girl,,,,,
regular,24,602,boy,,,,,
regular,24,494,boy,,,,,
regular,24,484,girl,,,,,
regular,24,520,boy,,,,,
regular,24,434,boy,,,,,
regular,24,536,boy,,,,,
regular,24,547,boy,,,,,
regular,24,536,girl,,,,,
regular,24,439,boy,,,,,
regular,24,547,girl,,,,,
regular,24,468,boy,,,,,
regular,24,494,girl,,,,,
regular,24,536,boy,,,,,
regular,24,559,girl,,,,,
regular,24,473,boy,,,,,
regular,24,520,girl,,,,,
regular,24,520,girl,,,,,
regular,24,602,girl,,,,,
regular,24,547,girl,,,,,
regular,24,520,boy,,,,,
regular,24,528,girl,,,,,
regular,24,506,boy,,,,,
regular,24,536,girl,,,,,
regular,24,520,boy,,,,,
regular,24,513,girl,,,,,
regular,24,478,girl,,,,,
regular,24,506,boy,,,,,
regular,24,513,boy,,,,,
regular,24,468,girl,,,,,
regular,24,513,girl,,,,,
regular,24,547,girl,,,,,
regular,24,463,girl,,,,,
regular,24,547,boy,,,,,
regular,24,528,girl,,,,,
regular,24,576,boy,,,,,
regular,24,626,boy,,,,,
regular,24,489,boy,,,,,
regular,24,528,boy,,,,,
regular,24,478,girl,,,,,