year,term,Time,modality,course,pct_grade,d_grade
2019,Winter,1130,"Hybrid, 1 hour",98,25.49,0
2019,Winter,1130,"Hybrid, 1 hour",98,22.68,0
2019,Winter,1130,"Hybrid, 1 hour",98,7.53,0
2019,Winter,930,"Hybrid, 1 hour",141,47.86,0
2019,Winter,930,"Hybrid, 1 hour",141,46.9,0
2019,Winter,930,"Hybrid, 1 hour",141,1.13,0
2019,Winter,830,"Hybrid, 1 hour",152,46.77,0
2019,Winter,830,"Hybrid, 1 hour",152,22.18,0
2019,Winter,830,"Hybrid, 1 hour",152,28.27,0
2019,Winter,830,"Hybrid, 1 hour",152,54.67,0
2019,Winter,830,"Hybrid, 1 hour",152,0,0
2019,Spring,1130,"Hybrid, 1 hour",142,21.12,0
2019,Spring,1130,"Hybrid, 1 hour",142,40.2,0
2019,Spring,1130,"Hybrid, 1 hour",142,43.56,0
2019,Spring,1030,"Hybrid, 1 hour",146,36.46,0
2019,Spring,830,"Hybrid, 1 hour",146,50.28,0
2019,Spring,830,"Hybrid, 1 hour",146,42.03,0
2019,Spring,830,"Hybrid, 1 hour",146,25.07,0
2019,Summer,1200,"Hybrid, 1 hour",152,53.64,0
2019,Summer,1200,"Hybrid, 1 hour",152,51.35,0
2019,Summer,1200,"Hybrid, 1 hour",152,51.43,0
2019,Summer,1200,"Hybrid, 1 hour",152,26.49,0
2019,Summer,1200,"Hybrid, 1 hour",152,50.8,0
2019,Summer,900,"Hybrid, 1 hour",152,42.76,0
2019,Summer,900,"Hybrid, 1 hour",152,40.12,0
2019,Fall,930,"Hybrid, 1 hour",146 S,55.07,0
2019,Fall,1130,"Hybrid, 1 hour",146 S,39.92,0
2020,Fall,930,"Hybrid, 1 hour",146 S,31.56,0
2020,Fall,930,"Hybrid, 1 hour",146 S,32.79,0
2020,Fall,930,"Hybrid, 1 hour",146 S,17.19,0
2020,Fall,930,"Hybrid, 1 hour",146 S,4.46,0
2020,Spring,,"Hybrid, 1 hour",152,21.06,0
2020,Spring,,"Hybrid, 1 hour",152,54.16,0
2020,Spring,,"Hybrid, 1 hour",152,62.08,0
2020,Spring,,"Hybrid, 1 hour",152,9.6,0
2020,Spring,,"Hybrid, 1 hour",152,11.3,0
2020,Spring,,"Hybrid, 1 hour",152,63.82,0
2020,Spring,,"Hybrid, 1 hour",211,27.7,0
2020,Spring,,"Hybrid, 1 hour",211,28.95,0
2020,Spring,,"Hybrid, 1 hour",211,37.68,0
2020,Spring,,"Hybrid, 1 hour",211,41.37,0
2020,Spring,,"Hybrid, 1 hour",211,43.52,0
2020,Spring,,"Hybrid, 1 hour",211,53.52,0
2020,Summmer,,"Hybrid, 1 hour",211,52.22,0
2020,Summmer,,"Hybrid, 1 hour",211,9.76,0
2020,Summmer,,"Hybrid, 1 hour",211,51.19,0
2020,Summmer,,"Hybrid, 1 hour",152,44.68,0
2020,Summmer,,"Hybrid, 1 hour",152,7.63,0
2020,Summmer,,"Hybrid, 1 hour",152,5.46,0
2020,Fall,,"Hybrid, 1 hour",208,18.23,0
2020,Fall,,"Hybrid, 1 hour",208,31.13,0
2020,Fall,,"Hybrid, 1 hour",208,22.59,0
2020,Fall,,"Hybrid, 1 hour",146 S,0,0
2020,Fall,,"Hybrid, 1 hour",146 S,0,0
2020,Fall,,"Hybrid, 1 hour",146 S,0,0
2021,Winter,,"Hybrid, 1 hour",146,27.77,0
2021,Winter,,"Hybrid, 1 hour",146,39.1,0
2021,Winter,,"Hybrid, 1 hour",146,7.09,0
2021,Winter,,"Hybrid, 1 hour",146,13.41,0
2021,Winter,,"Hybrid, 1 hour",146,1.96,0
2021,Winter,,"Hybrid, 1 hour",146,13.66,0
2021,Winter,,"Hybrid, 1 hour",146,34.87,0
2021,Winter,,"Hybrid, 1 hour",146 S,35.99,0
2021,Winter,,"Hybrid, 1 hour",146 S,40.28,0
2021,Spring,,"Hybrid, 1 hour",146 S,18.94,0
2021,Spring,,"Hybrid, 1 hour",146 S,19.01,0
2021,Spring,,"Hybrid, 1 hour",146 S,33.56,0
2021,Spring,,"Hybrid, 1 hour",146 S,48.41,0
2021,Spring,,"Hybrid, 1 hour",146 S,54.71,0
2021,Summer,,"Hybrid, 1 hour",146 S,1,0
2021,Summer,,"Hybrid, 1 hour",146 S,24.34,0
2021,Summer,,"Hybrid, 1 hour",146 S,44.66,0
2021,Summer,,"Hybrid, 1 hour",146 S,46.61,0
2021,Summer,,"Hybrid, 1 hour",146 S,42.17,0
2021,Fall,12:30,"Hybrid, 1 hour",146 S,4.3,0
2021,Fall,12:30,"Hybrid, 1 hour",146 S,52.4,0
2021,Fall,12:30,"Hybrid, 1 hour",146 S,27.25,0
2021,Fall,12:30,"Hybrid, 1 hour",146 S,0,0
2021,Fall,10:30,"Hybrid, 1 hour",146,11.27,0
2021,Fall,10:30,"Hybrid, 1 hour",146,46.94,0
2021,Fall,10:30,"Hybrid, 1 hour",146,20.32,0
2021,Fall,10:30,"Hybrid, 1 hour",146,49.04,0
2021,Fall,8:30,"Hybrid, 1 hour",146,0,0
2021,Fall,8:30,"Hybrid, 1 hour",146,1.39,0
2021,Fall,8:30,"Hybrid, 1 hour",146,41.03,0
2021,Fall,8:30,"Hybrid, 1 hour",146,37.8,0
2021,Fall,8:30,"Hybrid, 1 hour",146,53.47,0
2022,Winter,12:30,"Hybrid, 1 hour",107S,13.52,0
2022,Winter,12:30,"Hybrid, 1 hour",107S,51.3,0
2022,Winter,12:30,"Hybrid, 1 hour",107S,4.13,0
2022,Winter,12:30,"Hybrid, 1 hour",107S,53.34,0
2022,Winter,10:30,"Hybrid, 1 hour",146 S,36.33,0
2022,Winter,10:30,"Hybrid, 1 hour",146 S,4.7,0
2022,Winter,10:30,"Hybrid, 1 hour",146 S,5.59,0
2022,Spring,10:30,"Hybrid, 2 hours",146 S,7.23,0
2022,Spring,10:30,"Hybrid, 2 hours",146 S,0,0
2022,Spring,10:30,"Hybrid, 2 hours",146 S,35.59,0
2022,Summer,Online,,211,51.89,0
2022,Summer,Online,,146 S,16,0
2022,Summer,Online,,146 S,27.93,0
2022,Fall,10:30,"Hybrid, 2 hours",146 S,0.5,0
2022,Fall,10:30,"Hybrid, 2 hours",146 S,27.53,0
2022,Fall,10:30,"Hybrid, 2 hours",146 S,46.83,0
2022,Fall,10:30,"Hybrid, 2 hours",146 S,50.64,0
2022,Fall,10:30,"Hybrid, 2 hours",146 S,27.5,0
2022,Fall,12:30,"Hybrid, 2 hours",107 S,29.5,0
2022,Fall,12:30,"Hybrid, 2 hours",107 S,25.36,0
2022,Fall,12:30,"Hybrid, 2 hours",107 S,33.57,0
2023,Winter,Online,,146 S,24.55,0
2023,Winter,8:30,"Hybrid, 1 hour",151,35.97,0
2023,Winter,8:30,"Hybrid, 1 hour",151,1.76,0
2023,Winter,8:30,"Hybrid, 1 hour",151,4.8,0
2023,Winter,8:30,"Hybrid, 1 hour",151,28.42,0
2023,Winter,8:30,"Hybrid, 1 hour",151,35.93,0
2023,Winter,8:30,"Hybrid, 1 hour",151,38.43,0
2023,Winter,8:30,"Hybrid, 1 hour",151,37.38,0
2023,Winter,11:30,"Hybrid, 1 hour",151,0.56,0
2023,Winter,11:30,"Hybrid, 1 hour",151,93.63,0
2023,Winter,11:30,"Hybrid, 1 hour",151,58.6,0
2023,Winter,11:30,"Hybrid, 1 hour",151,87.12,0
2023,Winter,11:30,"Hybrid, 1 hour",151,22.05,0
2023,Winter,11:30,"Hybrid, 1 hour",151,,0
2023,Winter,11:30,"Hybrid, 1 hour",151,0,0
2023,Winter,11:30,"Hybrid, 1 hour",151,0,0
2023,Spring,Online,,146,15.53,0
2023,Spring,Online,,146,19.63,0
2023,Spring,Online,,146,0,0
2023,Spring,Online,,146,18.53,0
2023,Spring,Online,,146,33.56,0
2023,Spring,Online,,146,28.9,0
2023,Spring,Online,,146,0,0
2023,Spring,Online,,146 S,19.44,0
2023,Fall,9:30,"Hybrid, 1 hour",211,10.5,0
2023,Fall,10:30,"Hybrid, 2 hours",146,47.65,0
2023,Fall,10:30,"Hybrid, 2 hours",146,42.86,0
2024,Winter,Online,,146 S,35.77,0
2024,Winter,10:30,"Hybrid, 2 hours",146 S,56.8,0
2024,Winter,10:30,"Hybrid, 2 hours",146 S,36.79,0
2024,Winter,10:30,"Hybrid, 2 hours",146 S,43.54,0
2024,Winter,10:30,"Hybrid, 2 hours",146 S,51.77,0
2024,Spring,10:30,"Hybrid, 2 hours",107 S,9.47,0
2024,Spring,10:30,"Hybrid, 2 hours",107 S,17.24,0
2024,Spring,10:30,"Hybrid, 2 hours",146 S,57.56,0
2024,Spring,10:30,"Hybrid, 2 hours",146 S,19.56,0
2024,Spring,10:30,"Hybrid, 2 hours",146 S,24.58,0
2024,Spring,10:30,"Hybrid, 2 hours",146 S,55.76,0
2024,Spring,10:30,"Hybrid, 2 hours",146 S,32.34,0
2024,Spring,10:30,"Hybrid, 2 hours",146 S,29.79,0
2024,Spring,10:30,"Hybrid, 2 hours",146 S,8.73,0
2024,Summer,Online,,146 S,7.37,0
2024,Summer,Online,,146 S,31.72,0
2024,Summer,Online,,146 S,21.9,0
2024,Summer,Online,,146 S,56.66,0
2024,Summer,Online,,146 S,24.92,0
2024,Summer,Online,,146 S,11.83,0
2024,Summer,Online,,146 S,4.22,0
2024,Summer,Online,,148,55,0
2024,Summer,Online,,148,33.98,0
2024,Summer,Online,,148,46.22,0
2024,Summer,Online,,148,26.33,0
2024,Summer,Online,,148,27.13,0
2024,Summer,Online,,148,57.1,0
2024,Summer,Online,,211,16.33,0
2024,Summer,Online,,211,42.72,0
2024,Fall,Online,,146,41.2,0
2024,Fall,Online,,146,5.55,0
2024,Fall,Online,,146,45.98,0
2024,Fall,Online,,146,1.91,0
2024,Fall,Online,,146,33.8,0
2024,Fall,10:30,"Hybrid, 2 hours",099 S,32.72,0
2024,Fall,10:30,"Hybrid, 2 hours",099 S,16.94,0
2024,Fall,10:30,"Hybrid, 2 hours",099 S,37.56,0
2024,Fall,10:30,"Hybrid, 2 hours",099 S,28.09,0
2024,Fall,10:30,"Hybrid, 2 hours",099 S,10.52,0
2025,Summer,Online,,146 S,10.88,0
2025,Summer,Online,,146 S,17.22,0
2025,Summer,Online,,211,4.11,0
2025,Summer,Online,,211,10.74,0
2025,Summer,Online,,211,27.13,0
2025,Summer,Online,,211,26.64,0
2025,Summer,Online,,211,33.09,0
2025,Summer,Online,,211,21.75,0
2025,Summer,Online,,211,55.91,0
2025,Summer,Online,,211,27.9,0
2019,Fall,930,"Hybrid, 1 hour",146 S,57.22,0.7
2020,Summmer,,"Hybrid, 1 hour",211,56.53,0.7
2024,Spring,10:30,"Hybrid, 2 hours",146 S,60.4,0.7
2024,Summer,Online,,146 S,59.84,0.7
2021,Spring,,"Hybrid, 1 hour",146 S,58.45,0.8
2023,Winter,Online,,146 S,62.32,0.8
2023,Spring,Online,,146 S,60.28,0.8
2025,Summer,Online,,146 S,62.86,0.8
2019,Fall,930,"Hybrid, 1 hour",146 S,58.64,0.9
2025,Summer,Online,,146 S,64.43,0.9
2025,Summer,Online,,211,63.9,0.9
2019,Winter,1130,"Hybrid, 1 hour",98,59.88,1
2019,Winter,930,"Hybrid, 1 hour",141,59.5,1
2019,Spring,1030,"Hybrid, 1 hour",146,54.89,1
2019,Spring,1030,"Hybrid, 1 hour",146,58.47,1
2019,Spring,830,"Hybrid, 1 hour",146,53.19,1
2019,Spring,830,"Hybrid, 1 hour",146,52.04,1
2019,Spring,830,"Hybrid, 1 hour",146,59,1
2019,Summer,1200,"Hybrid, 1 hour",152,57.09,1
2020,Fall,,"Hybrid, 1 hour",208,60.45,1
2022,Fall,10:30,"Hybrid, 2 hours",146 S,54.31,1
2022,Fall,10:30,"Hybrid, 2 hours",146 S,61.17,1
2022,Fall,12:30,"Hybrid, 2 hours",107 S,42.1,1
2022,Fall,12:30,"Hybrid, 2 hours",107 S,54.92,1
2024,Summer,Online,,146 S,64.52,1
2024,Fall,10:30,"Hybrid, 2 hours",107 S,59.64,1
2024,Fall,10:30,"Hybrid, 2 hours",107 S,37.43,1
2024,Fall,10:30,"Hybrid, 2 hours",107 S,21.62,1
2025,Summer,Online,,211,62.47,1
2025,Summer,Online,,211,65.29,1
2019,Fall,930,"Hybrid, 1 hour",146 S,61.21,1.1
2023,Winter,8:30,"Hybrid, 1 hour",151,66.52,1.1
2023,Spring,Online,,146,67.61,1.1
2019,Winter,930,"Hybrid, 1 hour",141,62.44,1.2
2022,Fall,12:30,"Hybrid, 2 hours",107 S,62.23,1.2
2023,Winter,8:30,"Hybrid, 1 hour",151,68.02,1.2
2023,Fall,10:30,"Hybrid, 2 hours",146,67.52,1.2
2023,Fall,10:30,"Hybrid, 2 hours",146,68,1.2
2024,Winter,10:30,"Hybrid, 2 hours",146 S,67.12,1.2
2024,Summer,Online,,148,66.5,1.2
2025,Summer,Online,,146 S,67.48,1.2
2025,Summer,Online,,211,67.11,1.2
2019,Summer,1200,"Hybrid, 1 hour",152,60.5,1.3
2020,Summmer,,"Hybrid, 1 hour",211,63.94,1.3
2021,Spring,,"Hybrid, 1 hour",146 S,63.05,1.3
2024,Summer,Online,,148,68.28,1.3
2024,Summer,Online,,148,68.24,1.3
2019,Winter,830,"Hybrid, 1 hour",152,64.35,1.4
2019,Spring,1130,"Hybrid, 1 hour",142,62.53,1.4
2019,Fall,930,"Hybrid, 1 hour",146 S,64.22,1.4
2021,Winter,,"Hybrid, 1 hour",146,65.58,1.4
2021,Fall,12:30,"Hybrid, 1 hour",146 S,63.83,1.4
2022,Fall,12:30,"Hybrid, 2 hours",107 S,64.18,1.4
2019,Spring,830,"Hybrid, 1 hour",146,65.12,1.5
2019,Summer,900,"Hybrid, 1 hour",152,62.83,1.5
2021,Winter,,"Hybrid, 1 hour",146,66.94,1.5
2021,Winter,,"Hybrid, 1 hour",146 S,66.16,1.5
2021,Winter,,"Hybrid, 1 hour",146 S,67.94,1.5
2021,Spring,,"Hybrid, 1 hour",146 S,67.15,1.5
2021,Fall,12:30,"Hybrid, 1 hour",146 S,64.85,1.5
2022,Summer,Online,,211,64.94,1.5
2023,Winter,11:30,"Hybrid, 1 hour",151,90.8,1.5
2024,Winter,10:30,"Hybrid, 2 hours",146 S,70.05,1.5
2024,Spring,10:30,"Hybrid, 2 hours",146 S,70.45,1.5
2024,Fall,Online,,146,69.29,1.5
2024,Fall,10:30,"Hybrid, 2 hours",107 S,69.77,1.5
2020,Spring,,"Hybrid, 1 hour",211,63.53,1.6
2020,Fall,,"Hybrid, 1 hour",146 S,1.6,1.6
2022,Winter,12:30,"Hybrid, 1 hour",107S,68.07,1.6
2024,Summer,Online,,148,71.21,1.6
2025,Summer,Online,,211,71.03,1.6
2019,Winter,930,"Hybrid, 1 hour",141,66.28,1.7
2019,Winter,830,"Hybrid, 1 hour",152,65.63,1.7
2019,Spring,1130,"Hybrid, 1 hour",142,64.65,1.7
2020,Spring,,"Hybrid, 1 hour",211,65.03,1.7
2021,Spring,,"Hybrid, 1 hour",146 S,70.38,1.7
2021,Fall,12:30,"Hybrid, 1 hour",146 S,70.24,1.7
2022,Summer,Online,,211,70.45,1.7
2024,Winter,10:30,"Hybrid, 2 hours",146 S,72.26,1.7
2024,Spring,10:30,"Hybrid, 2 hours",146 S,71.5,1.7
2024,Fall,10:30,"Hybrid, 2 hours",099 S,72.49,1.7
2019,Spring,1130,"Hybrid, 1 hour",142,66.5,1.8
2019,Summer,1200,"Hybrid, 1 hour",152,64.09,1.8
2019,Summer,1200,"Hybrid, 1 hour",152,63.75,1.8
2020,Spring,,"Hybrid, 1 hour",211,66.39,1.8
2020,Summmer,,"Hybrid, 1 hour",152,67.12,1.8
2023,Winter,Online,,146 S,73.71,1.8
2023,Winter,11:30,"Hybrid, 1 hour",151,94.25,1.8
2023,Winter,11:30,"Hybrid, 1 hour",151,,1.8
2023,Spring,Online,,146,72.76,1.8
2023,Fall,10:30,"Hybrid, 2 hours",146,72.94,1.8
2024,Spring,10:30,"Hybrid, 2 hours",146 S,73.13,1.8
2024,Summer,Online,,148,72.39,1.8
2023,Winter,Online,,146 S,73.77,1.9
2019,Winter,1130,"Hybrid, 1 hour",98,67.76,2
2019,Winter,930,"Hybrid, 1 hour",141,70.02,2
2019,Spring,1130,"Hybrid, 1 hour",142,68.51,2
2019,Spring,1130,"Hybrid, 1 hour",142,68.83,2
2019,Summer,1200,"Hybrid, 1 hour",152,64.63,2
2019,Summer,1200,"Hybrid, 1 hour",152,66.18,2
2019,Summer,900,"Hybrid, 1 hour",152,63.1,2
2019,Summer,900,"Hybrid, 1 hour",152,68.82,2
2019,Summer,900,"Hybrid, 1 hour",152,66.49,2
2019,Fall,930,"Hybrid, 1 hour",146 S,66.92,2
2019,Fall,930,"Hybrid, 1 hour",146 S,70.27,2
2019,Fall,1130,"Hybrid, 1 hour",146 S,67.43,2
2019,Fall,1130,"Hybrid, 1 hour",146 S,68.09,2
2020,Fall,1130,"Hybrid, 1 hour",146 S,69.45,2
2020,Spring,,"Hybrid, 1 hour",152,68.66,2
2020,Spring,,"Hybrid, 1 hour",211,66.96,2
2020,Spring,,"Hybrid, 1 hour",211,67.02,2
2020,Spring,,"Hybrid, 1 hour",211,67.21,2
2020,Spring,,"Hybrid, 1 hour",211,67.48,2
2020,Spring,,"Hybrid, 1 hour",211,69.56,2
2020,Summmer,,"Hybrid, 1 hour",211,75.12,2
2020,Fall,,"Hybrid, 1 hour",208,72.95,2
2021,Winter,,"Hybrid, 1 hour",146,74.93,2
2021,Winter,,"Hybrid, 1 hour",146,73.79,2
2021,Winter,,"Hybrid, 1 hour",146 S,76.71,2
2021,Winter,,"Hybrid, 1 hour",146 S,73.11,2
2021,Spring,,"Hybrid, 1 hour",146 S,74.02,2
2021,Summer,,"Hybrid, 1 hour",146 S,70.53,2
2021,Summer,,"Hybrid, 1 hour",146 S,70.57,2
2021,Summer,,"Hybrid, 1 hour",146 S,74.44,2
2021,Summer,,"Hybrid, 1 hour",146 S,74.54,2
2021,Summer,,"Hybrid, 1 hour",146 S,74.35,2
2021,Summer,,"Hybrid, 1 hour",146 S,72.04,2
2021,Fall,10:30,"Hybrid, 1 hour",146,72.71,2
2021,Fall,10:30,"Hybrid, 1 hour",146,71.6,2
2021,Fall,8:30,"Hybrid, 1 hour",146,73.32,2
2022,Winter,10:30,"Hybrid, 1 hour",146 S,73.82,2
2022,Summer,Online,,146 S,75.18,2
2023,Winter,8:30,"Hybrid, 1 hour",151,75.22,2
2023,Winter,8:30,"Hybrid, 1 hour",151,74.39,2
2023,Winter,11:30,"Hybrid, 1 hour",151,80.28,2
2023,Spring,Online,,146 S,74.53,2
2023,Fall,9:30,"Hybrid, 1 hour",211,74.57,2
2023,Fall,9:30,"Hybrid, 1 hour",211,74.97,2
2023,Fall,10:30,"Hybrid, 2 hours",146,75.11,2
2024,Winter,Online,,146 S,73.9,2
2024,Winter,Online,,146 S,71.09,2
2024,Spring,10:30,"Hybrid, 2 hours",146 S,74.39,2
2024,Summer,Online,,146 S,73.56,2
2024,Fall,10:30,"Hybrid, 2 hours",099 S,74.3,2
2025,Summer,Online,,146 S,73.28,2
2025,Summer,Online,,146 S,74.41,2
2025,Summer,Online,,211,74.22,2
2025,Summer,Online,,211,72.98,2
2019,Winter,1130,"Hybrid, 1 hour",98,71.37,2.1
2019,Winter,930,"Hybrid, 1 hour",141,70.5,2.1
2020,Fall,1130,"Hybrid, 1 hour",146 S,71.76,2.1
2020,Spring,,"Hybrid, 1 hour",152,71.35,2.1
2020,Spring,,"Hybrid, 1 hour",211,70.76,2.1
2021,Winter,,"Hybrid, 1 hour",146,76.73,2.1
2022,Summer,Online,,211,76.22,2.1
2023,Winter,Online,,146 S,76.42,2.1
2023,Winter,11:30,"Hybrid, 1 hour",151,42.42,2.1
2024,Fall,Online,,146,75.61,2.1
2019,Spring,1030,"Hybrid, 1 hour",146,72.13,2.2
2019,Spring,1030,"Hybrid, 1 hour",146,70.49,2.2
2019,Summer,1200,"Hybrid, 1 hour",152,70.35,2.2
2019,Fall,1130,"Hybrid, 1 hour",146 S,71.83,2.2
2020,Spring,,"Hybrid, 1 hour",211,72.13,2.2
2020,Fall,,"Hybrid, 1 hour",208,76.71,2.2
2020,Fall,,"Hybrid, 1 hour",208,76.65,2.2
2021,Spring,,"Hybrid, 1 hour",146 S,77.55,2.2
2021,Fall,12:30,"Hybrid, 1 hour",146 S,77.01,2.2
2022,Summer,Online,,211,77.2,2.2
2023,Winter,8:30,"Hybrid, 1 hour",151,77.27,2.2
2023,Spring,Online,,146,77.2,2.2
2023,Spring,Online,,146,77.12,2.2
2023,Spring,Online,,146,77,2.2
2024,Summer,Online,,146 S,76.56,2.2
2025,Summer,Online,,146 S,76.98,2.2
2019,Winter,830,"Hybrid, 1 hour",152,72.51,2.3
2019,Summer,1200,"Hybrid, 1 hour",152,71.78,2.3
2019,Summer,900,"Hybrid, 1 hour",152,71.92,2.3
2019,Fall,930,"Hybrid, 1 hour",146 S,73.07,2.3
2020,Spring,,"Hybrid, 1 hour",211,72.55,2.3
2020,Summmer,,"Hybrid, 1 hour",211,77.23,2.3
2020,Summmer,,"Hybrid, 1 hour",211,77.43,2.3
2021,Winter,,"Hybrid, 1 hour",146,77.52,2.3
2022,Spring,12:30,"Hybrid, 1 hour",146,78.65,2.3
2022,Summer,Online,,146 S,78.06,2.3
2022,Fall,10:30,"Hybrid, 2 hours",146 S,78.28,2.3
2023,Winter,Online,,146 S,78.21,2.3
2023,Winter,8:30,"Hybrid, 1 hour",151,78.16,2.3
2023,Spring,Online,,146,78.32,2.3
2023,Fall,10:30,"Hybrid, 2 hours",146,78.49,2.3
2024,Winter,10:30,"Hybrid, 2 hours",146 S,78.53,2.3
2024,Spring,10:30,"Hybrid, 2 hours",107 S,78.16,2.3
2025,Summer,Online,,211,77.68,2.3
2019,Winter,830,"Hybrid, 1 hour",152,74.05,2.4
2019,Summer,900,"Hybrid, 1 hour",152,73.46,2.4
2019,Summer,900,"Hybrid, 1 hour",152,73.7,2.4
2019,Fall,1130,"Hybrid, 1 hour",146 S,73.6,2.4
2020,Fall,930,"Hybrid, 1 hour",146 S,73.63,2.4
2020,Fall,930,"Hybrid, 1 hour",146 S,73.7,2.4
2020,Spring,,"Hybrid, 1 hour",211,73.87,2.4
2020,Spring,,"Hybrid, 1 hour",211,74,2.4
2020,Spring,,"Hybrid, 1 hour",211,74.23,2.4
2020,Spring,,"Hybrid, 1 hour",211,74.23,2.4
2020,Spring,,"Hybrid, 1 hour",211,74.34,2.4
2020,Summmer,,"Hybrid, 1 hour",152,74.74,2.4
2021,Fall,10:30,"Hybrid, 1 hour",146,78.75,2.4
2022,Fall,10:30,"Hybrid, 2 hours",146 S,78.62,2.4
2023,Winter,8:30,"Hybrid, 1 hour",151,79.2,2.4
2023,Winter,8:30,"Hybrid, 1 hour",151,79.48,2.4
2023,Spring,Online,,146,78.97,2.4
2023,Fall,10:30,"Hybrid, 2 hours",146,79.35,2.4
2024,Spring,10:30,"Hybrid, 2 hours",107 S,79.27,2.4
2024,Spring,10:30,"Hybrid, 2 hours",107 S,78.98,2.4
2024,Summer,Online,,148,78.98,2.4
2024,Fall,Online,,146,79.13,2.4
2024,Fall,Online,,146,78.74,2.4
2025,Summer,Online,,146 S,78.81,2.4
2025,Summer,Online,,146 S,78.58,2.4
2025,Summer,Online,,146 S,78.56,2.4
2019,Winter,930,"Hybrid, 1 hour",141,74.41,2.5
2019,Winter,930,"Hybrid, 1 hour",141,74.46,2.5
2019,Spring,830,"Hybrid, 1 hour",146,74.76,2.5
2019,Summer,1200,"Hybrid, 1 hour",152,74.12,2.5
2020,Fall,930,"Hybrid, 1 hour",146 S,75.08,2.5
2020,Fall,930,"Hybrid, 1 hour",146 S,75.45,2.5
2020,Fall,1130,"Hybrid, 1 hour",146 S,74.92,2.5
2020,Fall,1130,"Hybrid, 1 hour",146 S,74.95,2.5
2020,Spring,,"Hybrid, 1 hour",211,75.32,2.5
2021,Winter,,"Hybrid, 1 hour",146,78.25,2.5
2023,Winter,11:30,"Hybrid, 1 hour",151,86.16,2.5
2024,Winter,Online,,146 S,79.68,2.5
2024,Spring,10:30,"Hybrid, 2 hours",107 S,80.1,2.5
2024,Spring,10:30,"Hybrid, 2 hours",146 S,80.12,2.5
2024,Summer,Online,,146 S,80.06,2.5
2024,Summer,Online,,148,79.61,2.5
2024,Summer,Online,,148,79.92,2.5
2024,Fall,10:30,"Hybrid, 2 hours",107 S,79.55,2.5
2025,Summer,Online,,211,80.38,2.5
2019,Winter,930,"Hybrid, 1 hour",141,75.75,2.6
2019,Winter,830,"Hybrid, 1 hour",152,76.44,2.6
2019,Spring,1030,"Hybrid, 1 hour",146,75.88,2.6
2019,Summer,900,"Hybrid, 1 hour",152,75.74,2.6
2019,Fall,930,"Hybrid, 1 hour",146 S,76.4,2.6
2019,Fall,930,"Hybrid, 1 hour",146 S,75.71,2.6
2019,Fall,1130,"Hybrid, 1 hour",146 S,76.1,2.6
2021,Summer,,"Hybrid, 1 hour",146 S,78.58,2.6
2023,Winter,11:30,"Hybrid, 1 hour",151,91.16,2.6
2023,Spring,Online,,146,81.29,2.6
2023,Spring,Online,,146,81.39,2.6
2023,Spring,Online,,146 S,81.38,2.6
2023,Fall,9:30,"Hybrid, 1 hour",211,81.35,2.6
2024,Spring,10:30,"Hybrid, 2 hours",146 S,80.72,2.6
2024,Summer,Online,,148,80.83,2.6
2024,Fall,Online,,146,81.17,2.6
2025,Summer,Online,,146 S,81.03,2.6
2019,Winter,930,"Hybrid, 1 hour",141,76.87,2.7
2019,Winter,930,"Hybrid, 1 hour",141,76.39,2.7
2019,Spring,1030,"Hybrid, 1 hour",146,77.21,2.7
2019,Spring,830,"Hybrid, 1 hour",146,77.12,2.7
2019,Summer,1200,"Hybrid, 1 hour",152,75.91,2.7
2020,Fall,930,"Hybrid, 1 hour",146 S,76.49,2.7
2020,Spring,,"Hybrid, 1 hour",152,77.43,2.7
2021,Spring,,"Hybrid, 1 hour",146 S,78.43,2.7
2023,Spring,Online,,146,82.84,2.7
2023,Spring,Online,,146 S,82.26,2.7
2024,Winter,10:30,"Hybrid, 2 hours",146 S,82.35,2.7
2024,Summer,Online,,148,81.62,2.7
2024,Summer,Online,,148,82.16,2.7
2024,Summer,Online,,148,81.82,2.7
2024,Summer,Online,,148,82.31,2.7
2025,Summer,Online,,211,82.49,2.7
2019,Winter,1130,"Hybrid, 1 hour",98,77.98,2.8
2019,Winter,1130,"Hybrid, 1 hour",98,77.01,2.8
2019,Winter,830,"Hybrid, 1 hour",152,77.6,2.8
2019,Spring,1130,"Hybrid, 1 hour",142,76.28,2.8
2020,Fall,930,"Hybrid, 1 hour",146 S,77.82,2.8
2020,Spring,,"Hybrid, 1 hour",211,77.55,2.8
2020,Spring,,"Hybrid, 1 hour",211,77.7,2.8
2021,Winter,,"Hybrid, 1 hour",146,79.1,2.8
2021,Winter,,"Hybrid, 1 hour",146,80.18,2.8
2021,Spring,,"Hybrid, 1 hour",146 S,79.91,2.8
2021,Summer,,"Hybrid, 1 hour",146 S,80.23,2.8
2021,Fall,12:30,"Hybrid, 1 hour",146 S,80.79,2.8
2021,Fall,8:30,"Hybrid, 1 hour",146,80.06,2.8
2022,Spring,10:30,"Hybrid, 2 hours",146 S,80.27,2.8
2022,Spring,10:30,"Hybrid, 2 hours",146 S,80.25,2.8
2022,Fall,12:30,"Hybrid, 2 hours",107 S,79.05,2.8
2023,Winter,Online,,146 S,82.52,2.8
2024,Spring,10:30,"Hybrid, 2 hours",107 S,83.05,2.8
2019,Spring,1030,"Hybrid, 1 hour",146,78.74,2.9
2020,Spring,,"Hybrid, 1 hour",152,79.24,2.9
2020,Spring,,"Hybrid, 1 hour",152,78.68,2.9
2020,Spring,,"Hybrid, 1 hour",211,78.28,2.9
2020,Summmer,,"Hybrid, 1 hour",211,80.85,2.9
2021,Winter,,"Hybrid, 1 hour",146,80.72,2.9
2021,Spring,,"Hybrid, 1 hour",146 S,80.71,2.9
2021,Summer,,"Hybrid, 1 hour",146 S,81.19,2.9
2021,Fall,8:30,"Hybrid, 1 hour",146,81.47,2.9
2022,Fall,12:30,"Hybrid, 2 hours",107 S,80.12,2.9
2023,Winter,11:30,"Hybrid, 1 hour",151,2.9,2.9
2023,Fall,10:30,"Hybrid, 2 hours",146,83.62,2.9
2023,Fall,10:30,"Hybrid, 2 hours",146,84.43,2.9
2024,Winter,Online,,146 S,84.27,2.9
2024,Winter,Online,,146 S,83.98,2.9
2025,Summer,Online,,211,84,2.9
2025,Summer,Online,,211,83.83,2.9
2019,Winter,1130,"Hybrid, 1 hour",98,80.21,3
2019,Summer,900,"Hybrid, 1 hour",152,78.63,3
2019,Fall,930,"Hybrid, 1 hour",146 S,79.51,3
2019,Fall,1130,"Hybrid, 1 hour",146 S,79.16,3
2020,Fall,930,"Hybrid, 1 hour",146 S,79,3
2020,Spring,,"Hybrid, 1 hour",211,80.12,3
2020,Spring,,"Hybrid, 1 hour",211,80.54,3
2020,Fall,,"Hybrid, 1 hour",208,82.09,3
2020,Fall,,"Hybrid, 1 hour",146 S,3,3
2020,Fall,,"Hybrid, 1 hour",146 S,3,3
2020,Fall,,"Hybrid, 1 hour",146 S,3,3
2021,Spring,,"Hybrid, 1 hour",146 S,81.68,3
2021,Spring,,"Hybrid, 1 hour",146 S,81.97,3
2022,Summer,Online,,146 S,82.23,3
2022,Fall,12:30,"Hybrid, 2 hours",107 S,81.25,3
2023,Winter,Online,,146 S,85.41,3
2023,Fall,9:30,"Hybrid, 1 hour",211,85.17,3
2024,Fall,Online,,146,84.59,3
2024,Fall,10:30,"Hybrid, 2 hours",107 S,85.26,3
2024,Fall,10:30,"Hybrid, 2 hours",107 S,84.69,3
2024,Fall,10:30,"Hybrid, 2 hours",099 S,84.63,3
2025,Summer,Online,,146 S,85.04,3
2019,Spring,1030,"Hybrid, 1 hour",146,80.59,3.1
2019,Summer,900,"Hybrid, 1 hour",152,79.75,3.1
2019,Fall,1130,"Hybrid, 1 hour",146 S,81.26,3.1
2019,Fall,1130,"Hybrid, 1 hour",146 S,80.58,3.1
2020,Summmer,,"Hybrid, 1 hour",152,81.9,3.1
2020,Summmer,,"Hybrid, 1 hour",152,81.22,3.1
2020,Summmer,,"Hybrid, 1 hour",152,81.92,3.1
2021,Summer,,"Hybrid, 1 hour",146 S,83.57,3.1
2021,Fall,12:30,"Hybrid, 1 hour",146 S,83.29,3.1
2022,Winter,12:30,"Hybrid, 1 hour",107S,84.29,3.1
2022,Spring,10:30,"Hybrid, 2 hours",146 S,82.77,3.1
2022,Summer,Online,,211,83.44,3.1
2022,Fall,10:30,"Hybrid, 2 hours",146 S,82.71,3.1
2023,Winter,Online,,146 S,86.33,3.1
2023,Winter,8:30,"Hybrid, 1 hour",151,86.52,3.1
2023,Winter,11:30,"Hybrid, 1 hour",151,31.1,3.1
2023,Fall,10:30,"Hybrid, 2 hours",146,85.33,3.1
2023,Fall,10:30,"Hybrid, 2 hours",146,85.74,3.1
2024,Spring,10:30,"Hybrid, 2 hours",107 S,85.51,3.1
2024,Summer,Online,,211,86.37,3.1
2024,Fall,Online,,146,85.96,3.1
2025,Summer,Online,,146 S,85.97,3.1
2019,Winter,1130,"Hybrid, 1 hour",98,81.77,3.2
2019,Winter,930,"Hybrid, 1 hour",141,81.26,3.2
2019,Spring,830,"Hybrid, 1 hour",146,82.01,3.2
2019,Fall,1130,"Hybrid, 1 hour",146 S,81.66,3.2
2021,Summer,,"Hybrid, 1 hour",146 S,83.73,3.2
2021,Summer,,"Hybrid, 1 hour",146 S,83.99,3.2
2022,Winter,10:30,"Hybrid, 1 hour",146 S,83.53,3.2
2022,Winter,10:30,"Hybrid, 1 hour",146 S,84.38,3.2
2022,Summer,Online,,146 S,84.39,3.2
2023,Winter,Online,,146 S,86.76,3.2
2023,Winter,Online,,146 S,86.7,3.2
2023,Winter,8:30,"Hybrid, 1 hour",151,87.3,3.2
2023,Winter,11:30,"Hybrid, 1 hour",151,73.44,3.2
2023,Spring,Online,,146,87.19,3.2
2024,Winter,Online,,146 S,87.11,3.2
2024,Spring,10:30,"Hybrid, 2 hours",107 S,87.21,3.2
2024,Spring,10:30,"Hybrid, 2 hours",146 S,87.13,3.2
2024,Summer,Online,,211,86.59,3.2
2024,Fall,Online,,146,86.46,3.2
2025,Summer,Online,,211,87.21,3.2
2019,Winter,1130,"Hybrid, 1 hour",98,81.82,3.3
2019,Winter,1130,"Hybrid, 1 hour",98,81.57,3.3
2019,Spring,1130,"Hybrid, 1 hour",142,81.54,3.3
2019,Fall,1130,"Hybrid, 1 hour",146 S,83.17,3.3
2020,Spring,,"Hybrid, 1 hour",211,82.5,3.3
2020,Spring,,"Hybrid, 1 hour",211,83.38,3.3
2020,Summmer,,"Hybrid, 1 hour",211,85.78,3.3
2020,Summmer,,"Hybrid, 1 hour",152,84.66,3.3
2020,Summmer,,"Hybrid, 1 hour",152,84.24,3.3
2020,Summmer,,"Hybrid, 1 hour",152,85.43,3.3
2020,Summmer,,"Hybrid, 1 hour",152,84.35,3.3
2020,Fall,,"Hybrid, 1 hour",208,85.5,3.3
2021,Spring,,"Hybrid, 1 hour",146 S,85.23,3.3
2021,Spring,,"Hybrid, 1 hour",146 S,86.82,3.3
2021,Fall,12:30,"Hybrid, 1 hour",146 S,85.6,3.3
2021,Fall,8:30,"Hybrid, 1 hour",146,84.54,3.3
2022,Spring,12:30,"Hybrid, 1 hour",146,85.96,3.3
2023,Winter,Online,,146 S,87.94,3.3
2023,Winter,8:30,"Hybrid, 1 hour",151,88.78,3.3
2023,Spring,Online,,146,87.57,3.3
2023,Spring,Online,,146 S,87.74,3.3
2023,Fall,10:30,"Hybrid, 2 hours",146,87.61,3.3
2023,Fall,10:30,"Hybrid, 2 hours",146,88.26,3.3
2024,Summer,Online,,146 S,88.41,3.3
2024,Summer,Online,,148,87.83,3.3
2024,Summer,Online,,211,87.94,3.3
2024,Summer,Online,,211,87.69,3.3
2024,Fall,Online,,146,87.83,3.3
2025,Summer,Online,,146 S,87.75,3.3
2025,Summer,Online,,211,87.5,3.3
2025,Summer,Online,,211,87.9,3.3
2019,Winter,1130,"Hybrid, 1 hour",98,83.75,3.4
2019,Winter,830,"Hybrid, 1 hour",152,83.92,3.4
2019,Winter,830,"Hybrid, 1 hour",152,83.49,3.4
2019,Spring,1130,"Hybrid, 1 hour",142,82.23,3.4
2019,Spring,1030,"Hybrid, 1 hour",146,82.96,3.4
2019,Spring,830,"Hybrid, 1 hour",146,84.42,3.4
2019,Summer,900,"Hybrid, 1 hour",152,82.05,3.4
2019,Fall,930,"Hybrid, 1 hour",146 S,84.33,3.4
2019,Fall,1130,"Hybrid, 1 hour",146 S,84.22,3.4
2020,Fall,930,"Hybrid, 1 hour",146 S,84.03,3.4
2020,Fall,1130,"Hybrid, 1 hour",146 S,84.15,3.4
2020,Spring,,"Hybrid, 1 hour",152,83.66,3.4
2020,Spring,,"Hybrid, 1 hour",211,84,3.4
2020,Spring,,"Hybrid, 1 hour",211,84.23,3.4
2020,Spring,,"Hybrid, 1 hour",211,84.32,3.4
2020,Summmer,,"Hybrid, 1 hour",152,85.31,3.4
2021,Winter,,"Hybrid, 1 hour",146 S,86.6,3.4
2021,Spring,,"Hybrid, 1 hour",146 S,86.89,3.4
2021,Summer,,"Hybrid, 1 hour",146 S,84.68,3.4
2021,Summer,,"Hybrid, 1 hour",146 S,84.63,3.4
2021,Summer,,"Hybrid, 1 hour",146 S,84.44,3.4
2021,Fall,10:30,"Hybrid, 1 hour",146,85.43,3.4
2022,Winter,10:30,"Hybrid, 1 hour",146 S,86.11,3.4
2022,Summer,Online,,211,87.33,3.4
2022,Summer,Online,,211,86.5,3.4
2022,Summer,Online,,146 S,86.42,3.4
2022,Summer,Online,,146 S,85.61,3.4
2022,Summer,Online,,146 S,85.7,3.4
2023,Fall,10:30,"Hybrid, 2 hours",146,88.73,3.4
2024,Winter,Online,,146 S,89.13,3.4
2024,Summer,Online,,146 S,88.86,3.4
2024,Summer,Online,,148,88.96,3.4
2024,Fall,Online,,146,89.12,3.4
2024,Fall,10:30,"Hybrid, 2 hours",099 S,88.24,3.4
2019,Winter,830,"Hybrid, 1 hour",152,86.35,3.5
2019,Winter,830,"Hybrid, 1 hour",152,87.15,3.5
2019,Spring,1130,"Hybrid, 1 hour",142,87.63,3.5
2019,Summer,1200,"Hybrid, 1 hour",152,84.17,3.5
2019,Summer,900,"Hybrid, 1 hour",152,82.93,3.5
2019,Fall,930,"Hybrid, 1 hour",146 S,87.17,3.5
2019,Fall,930,"Hybrid, 1 hour",146 S,87.05,3.5
2019,Fall,1130,"Hybrid, 1 hour",146 S,85.09,3.5
2020,Fall,930,"Hybrid, 1 hour",146 S,87.49,3.5
2020,Fall,1130,"Hybrid, 1 hour",146 S,86.17,3.5
2020,Spring,,"Hybrid, 1 hour",152,84.36,3.5
2020,Spring,,"Hybrid, 1 hour",152,84.9,3.5
2020,Summmer,,"Hybrid, 1 hour",211,89.37,3.5
2020,Summmer,,"Hybrid, 1 hour",211,89.85,3.5
2020,Summmer,,"Hybrid, 1 hour",152,86.88,3.5
2020,Summmer,,"Hybrid, 1 hour",152,87.48,3.5
2020,Fall,,"Hybrid, 1 hour",146 S,3.5,3.5
2020,Fall,,"Hybrid, 1 hour",146 S,3.5,3.5
2020,Fall,,"Hybrid, 1 hour",146 S,3.5,3.5
2021,Winter,,"Hybrid, 1 hour",146,88.01,3.5
2021,Winter,,"Hybrid, 1 hour",146,87.24,3.5
2021,Winter,,"Hybrid, 1 hour",146,88.54,3.5
2021,Winter,,"Hybrid, 1 hour",146 S,87.21,3.5
2021,Spring,,"Hybrid, 1 hour",146 S,87.59,3.5
2021,Summer,,"Hybrid, 1 hour",146 S,86.57,3.5
2021,Summer,,"Hybrid, 1 hour",146 S,86.79,3.5
2021,Fall,8:30,"Hybrid, 1 hour",146,88.21,3.5
2022,Summer,Online,,211,88.24,3.5
2022,Fall,12:30,"Hybrid, 2 hours",107 S,88.46,3.5
2022,Fall,12:30,"Hybrid, 2 hours",107 S,87.59,3.5
2022,Fall,12:30,"Hybrid, 2 hours",107 S,87.36,3.5
2023,Winter,11:30,"Hybrid, 1 hour",151,72.69,3.5
2023,Spring,Online,,146 S,89.98,3.5
2023,Spring,Online,,146 S,90.11,3.5
2023,Fall,10:30,"Hybrid, 2 hours",146,89.82,3.5
2024,Spring,10:30,"Hybrid, 2 hours",146 S,89.75,3.5
2024,Fall,10:30,"Hybrid, 2 hours",107 S,89.51,3.5
2025,Summer,Online,,211,89.78,3.5
2019,Winter,930,"Hybrid, 1 hour",141,85.71,3.6
2019,Winter,930,"Hybrid, 1 hour",141,86.89,3.6
2019,Spring,1030,"Hybrid, 1 hour",146,85.22,3.6
2019,Spring,1030,"Hybrid, 1 hour",146,86.12,3.6
2019,Spring,1030,"Hybrid, 1 hour",146,86.46,3.6
2019,Spring,830,"Hybrid, 1 hour",146,85.96,3.6
2019,Fall,1130,"Hybrid, 1 hour",146 S,88.39,3.6
2020,Fall,1130,"Hybrid, 1 hour",146 S,87.4,3.6
2020,Fall,1130,"Hybrid, 1 hour",146 S,87.55,3.6
2020,Spring,,"Hybrid, 1 hour",211,85.6,3.6
2020,Spring,,"Hybrid, 1 hour",211,85.91,3.6
2020,Summmer,,"Hybrid, 1 hour",152,88.1,3.6
2021,Winter,,"Hybrid, 1 hour",146,89.52,3.6
2021,Winter,,"Hybrid, 1 hour",146 S,89.31,3.6
2021,Winter,,"Hybrid, 1 hour",146 S,88.89,3.6
2021,Spring,,"Hybrid, 1 hour",146 S,89.25,3.6
2021,Spring,,"Hybrid, 1 hour",146 S,89.59,3.6
2021,Fall,10:30,"Hybrid, 1 hour",146,86.67,3.6
2022,Winter,10:30,"Hybrid, 1 hour",146 S,88.9,3.6
2022,Winter,10:30,"Hybrid, 1 hour",146 S,89.43,3.6
2022,Winter,10:30,"Hybrid, 1 hour",146 S,90.99,3.6
2022,Spring,10:30,"Hybrid, 2 hours",146 S,88.42,3.6
2022,Spring,12:30,"Hybrid, 1 hour",146,89.49,3.6
2022,Summer,Online,,146 S,88.73,3.6
2023,Winter,11:30,"Hybrid, 1 hour",151,91.95,3.6
2023,Winter,11:30,"Hybrid, 1 hour",151,48.51,3.6
2023,Winter,11:30,"Hybrid, 1 hour",151,3.6,3.6
2023,Spring,Online,,146 S,91.06,3.6
2024,Winter,Online,,146 S,90.49,3.6
2024,Winter,Online,,146 S,91.29,3.6
2024,Winter,10:30,"Hybrid, 2 hours",146 S,90.78,3.6
2024,Summer,Online,,146 S,91.19,3.6
2024,Summer,Online,,146 S,91.11,3.6
2024,Summer,Online,,148,90.91,3.6
2024,Fall,Online,,146,91.42,3.6
2024,Fall,10:30,"Hybrid, 2 hours",099 S,91.28,3.6
2025,Summer,Online,,211,91.24,3.6
2025,Summer,Online,,211,90.68,3.6
2019,Winter,1130,"Hybrid, 1 hour",98,89.88,3.7
2019,Winter,1130,"Hybrid, 1 hour",98,89.19,3.7
2019,Winter,930,"Hybrid, 1 hour",141,88.24,3.7
2019,Winter,930,"Hybrid, 1 hour",141,87.9,3.7
2019,Spring,1130,"Hybrid, 1 hour",142,89.94,3.7
2019,Spring,830,"Hybrid, 1 hour",146,88.36,3.7
2019,Summer,1200,"Hybrid, 1 hour",152,85.88,3.7
2019,Summer,900,"Hybrid, 1 hour",152,85.63,3.7
2019,Fall,1130,"Hybrid, 1 hour",146 S,90.23,3.7
2020,Spring,,"Hybrid, 1 hour",211,87.13,3.7
2020,Spring,,"Hybrid, 1 hour",211,87.21,3.7
2020,Spring,,"Hybrid, 1 hour",211,87.32,3.7
2020,Summmer,,"Hybrid, 1 hour",211,91.81,3.7
2020,Summmer,,"Hybrid, 1 hour",152,90.03,3.7
2020,Summmer,,"Hybrid, 1 hour",152,89.05,3.7
2020,Fall,,"Hybrid, 1 hour",208,89.94,3.7
2020,Fall,,"Hybrid, 1 hour",208,90.45,3.7
2020,Fall,,"Hybrid, 1 hour",208,91.32,3.7
2020,Fall,,"Hybrid, 1 hour",208,90.99,3.7
2020,Fall,,"Hybrid, 1 hour",208,91.17,3.7
2020,Fall,,"Hybrid, 1 hour",146 S,3.7,3.7
2020,Fall,,"Hybrid, 1 hour",146 S,3.7,3.7
2021,Winter,,"Hybrid, 1 hour",146,92.38,3.7
2021,Winter,,"Hybrid, 1 hour",146,91.61,3.7
2021,Winter,,"Hybrid, 1 hour",146 S,90.97,3.7
2021,Spring,,"Hybrid, 1 hour",146 S,90.82,3.7
2021,Spring,,"Hybrid, 1 hour",146 S,90.92,3.7
2021,Spring,,"Hybrid, 1 hour",146 S,91.51,3.7
2021,Summer,,"Hybrid, 1 hour",146 S,91.08,3.7
2021,Summer,,"Hybrid, 1 hour",146 S,90.73,3.7
2021,Summer,,"Hybrid, 1 hour",146 S,89.97,3.7
2021,Fall,12:30,"Hybrid, 1 hour",146 S,90.27,3.7
2021,Fall,10:30,"Hybrid, 1 hour",146,89.25,3.7
2021,Fall,8:30,"Hybrid, 1 hour",146,89.62,3.7
2022,Fall,10:30,"Hybrid, 2 hours",146 S,91.38,3.7
2022,Fall,10:30,"Hybrid, 2 hours",146 S,92.45,3.7
2022,Fall,12:30,"Hybrid, 2 hours",107 S,90.94,3.7
2023,Winter,11:30,"Hybrid, 1 hour",151,70.78,3.7
2023,Spring,Online,,146,91.64,3.7
2023,Spring,Online,,146 S,92.39,3.7
2024,Fall,10:30,"Hybrid, 2 hours",099 S,92.31,3.7
2024,Fall,10:30,"Hybrid, 2 hours",099 S,92.08,3.7
2025,Summer,Online,,146 S,91.66,3.7
2025,Summer,Online,,146 S,91.64,3.7
2025,Summer,Online,,146 S,91.97,3.7
2025,Summer,Online,,211,91.63,3.7
2019,Winter,1130,"Hybrid, 1 hour",98,93.54,3.8
2019,Winter,1130,"Hybrid, 1 hour",98,91.63,3.8
2019,Winter,930,"Hybrid, 1 hour",141,88.85,3.8
2019,Winter,930,"Hybrid, 1 hour",141,89.11,3.8
2019,Winter,830,"Hybrid, 1 hour",152,88.82,3.8
2019,Spring,1030,"Hybrid, 1 hour",146,92.11,3.8
2019,Spring,1030,"Hybrid, 1 hour",146,92.49,3.8
2019,Spring,830,"Hybrid, 1 hour",146,90.74,3.8
2019,Summer,1200,"Hybrid, 1 hour",152,86.52,3.8
2019,Summer,1200,"Hybrid, 1 hour",152,87.44,3.8
2019,Summer,900,"Hybrid, 1 hour",152,88.75,3.8
2019,Fall,1130,"Hybrid, 1 hour",146 S,91.16,3.8
2020,Spring,,"Hybrid, 1 hour",152,86.55,3.8
2020,Spring,,"Hybrid, 1 hour",211,88.07,3.8
2020,Summmer,,"Hybrid, 1 hour",211,92.61,3.8
2020,Summmer,,"Hybrid, 1 hour",152,93.01,3.8
2020,Summmer,,"Hybrid, 1 hour",152,91.42,3.8
2020,Fall,,"Hybrid, 1 hour",146 S,3.8,3.8
2020,Fall,,"Hybrid, 1 hour",146 S,3.8,3.8
2020,Fall,,"Hybrid, 1 hour",146 S,3.8,3.8
2021,Winter,,"Hybrid, 1 hour",146,92.9,3.8
2021,Winter,,"Hybrid, 1 hour",146 S,92.79,3.8
2021,Summer,,"Hybrid, 1 hour",146 S,93.09,3.8
2021,Summer,,"Hybrid, 1 hour",146 S,93.1,3.8
2021,Summer,,"Hybrid, 1 hour",146 S,92.68,3.8
2021,Summer,,"Hybrid, 1 hour",146 S,92.37,3.8
2021,Fall,12:30,"Hybrid, 1 hour",146 S,92.1,3.8
2021,Fall,10:30,"Hybrid, 1 hour",146,92.06,3.8
2022,Winter,12:30,"Hybrid, 1 hour",107S,92.01,3.8
2022,Summer,Online,,211,92.38,3.8
2022,Summer,Online,,211,92.6,3.8
2022,Fall,12:30,"Hybrid, 2 hours",107 S,92.45,3.8
2022,Fall,12:30,"Hybrid, 2 hours",107 S,93.11,3.8
2023,Winter,Online,,146 S,92.03,3.8
2023,Spring,Online,,146 S,93.17,3.8
2023,Spring,Online,,146 S,92.76,3.8
2024,Winter,Online,,146 S,93.53,3.8
2024,Fall,Online,,146,92.8,3.8
2024,Fall,10:30,"Hybrid, 2 hours",099 S,92.73,3.8
2025,Summer,Online,,146 S,93.31,3.8
2025,Summer,Online,,211,92.01,3.8
2025,Summer,Online,,211,93.2,3.8
2025,Summer,Online,,211,93.19,3.8
2025,Summer,Online,,211,93.18,3.8
2025,Summer,Online,,211,93.26,3.8
2019,Winter,1130,"Hybrid, 1 hour",98,93.5,3.9
2019,Winter,1130,"Hybrid, 1 hour",98,93.17,3.9
2019,Winter,930,"Hybrid, 1 hour",141,92.17,3.9
2019,Winter,830,"Hybrid, 1 hour",152,91.26,3.9
2019,Fall,930,"Hybrid, 1 hour",146 S,91.47,3.9
2019,Fall,1130,"Hybrid, 1 hour",146 S,92.05,3.9
2020,Spring,,"Hybrid, 1 hour",152,88.82,3.9
2020,Spring,,"Hybrid, 1 hour",152,88.69,3.9
2020,Spring,,"Hybrid, 1 hour",211,89,3.9
2020,Spring,,"Hybrid, 1 hour",211,90.37,3.9
2020,Spring,,"Hybrid, 1 hour",211,90.77,3.9
2020,Spring,,"Hybrid, 1 hour",211,92.1,3.9
2020,Spring,,"Hybrid, 1 hour",211,92.18,3.9
2020,Summmer,,"Hybrid, 1 hour",211,93.88,3.9
2020,Summmer,,"Hybrid, 1 hour",152,93.87,3.9
2020,Summmer,,"Hybrid, 1 hour",152,93.82,3.9
2020,Fall,,"Hybrid, 1 hour",208,93.71,3.9
2020,Fall,,"Hybrid, 1 hour",146 S,3.9,3.9
2021,Winter,,"Hybrid, 1 hour",146,93.92,3.9
2021,Winter,,"Hybrid, 1 hour",146,94.33,3.9
2021,Winter,,"Hybrid, 1 hour",146 S,93.55,3.9
2021,Spring,,"Hybrid, 1 hour",146 S,93.44,3.9
2021,Fall,10:30,"Hybrid, 1 hour",146,92.8,3.9
2021,Fall,8:30,"Hybrid, 1 hour",146,92.66,3.9
2022,Winter,10:30,"Hybrid, 1 hour",146 S,93.77,3.9
2022,Summer,Online,,146 S,93.23,3.9
2022,Fall,10:30,"Hybrid, 2 hours",146 S,94.18,3.9
2023,Winter,Online,,146 S,93.86,3.9
2023,Winter,11:30,"Hybrid, 1 hour",151,34.62,3.9
2023,Fall,10:30,"Hybrid, 2 hours",146,93.64,3.9
2024,Summer,Online,,148,93.8,3.9
2024,Summer,Online,,148,93.63,3.9
2025,Summer,Online,,211,94.09,3.9
2025,Summer,Online,,211,93.92,3.9
2025,Summer,Online,,211,93.92,3.9
2019,Winter,1130,"Hybrid, 1 hour",98,99.21,4
2019,Winter,1130,"Hybrid, 1 hour",98,101.61,4
2019,Winter,930,"Hybrid, 1 hour",141,99.44,4
2019,Winter,930,"Hybrid, 1 hour",141,95.93,4
2019,Winter,930,"Hybrid, 1 hour",141,95.17,4
2019,Winter,930,"Hybrid, 1 hour",141,98.19,4
2019,Winter,830,"Hybrid, 1 hour",152,96.44,4
2019,Winter,830,"Hybrid, 1 hour",152,101.75,4
2019,Winter,830,"Hybrid, 1 hour",152,93.71,4
2019,Spring,1130,"Hybrid, 1 hour",142,92.92,4
2019,Spring,1030,"Hybrid, 1 hour",146,96.75,4
2019,Spring,1030,"Hybrid, 1 hour",146,98.24,4
2019,Spring,1030,"Hybrid, 1 hour",146,99.14,4
2019,Spring,830,"Hybrid, 1 hour",146,95.96,4
2019,Spring,830,"Hybrid, 1 hour",146,99.1,4
2019,Summer,1200,"Hybrid, 1 hour",152,91.11,4
2019,Summer,1200,"Hybrid, 1 hour",152,95,4
2019,Summer,1200,"Hybrid, 1 hour",152,91.55,4
2019,Summer,1200,"Hybrid, 1 hour",152,100.11,4
2019,Summer,1200,"Hybrid, 1 hour",152,103.53,4
2019,Summer,1200,"Hybrid, 1 hour",152,90.99,4
2019,Summer,1200,"Hybrid, 1 hour",152,91.59,4
2019,Summer,1200,"Hybrid, 1 hour",152,91.65,4
2019,Summer,900,"Hybrid, 1 hour",152,98.39,4
2019,Summer,900,"Hybrid, 1 hour",152,96.53,4
2019,Fall,930,"Hybrid, 1 hour",146 S,94.56,4
2019,Fall,930,"Hybrid, 1 hour",146 S,95.15,4
2019,Fall,930,"Hybrid, 1 hour",146 S,107.83,4
2019,Fall,930,"Hybrid, 1 hour",146 S,103.04,4
2019,Fall,1130,"Hybrid, 1 hour",146 S,99.55,4
2019,Fall,1130,"Hybrid, 1 hour",146 S,99.1,4
2019,Fall,1130,"Hybrid, 1 hour",146 S,96.87,4
2020,Fall,930,"Hybrid, 1 hour",146 S,92.74,4
2020,Fall,930,"Hybrid, 1 hour",146 S,98.32,4
2020,Fall,930,"Hybrid, 1 hour",146 S,97.35,4
2020,Fall,930,"Hybrid, 1 hour",146 S,103.54,4
2020,Fall,930,"Hybrid, 1 hour",146 S,102.35,4
2020,Fall,930,"Hybrid, 1 hour",146 S,92.75,4
2020,Fall,1130,"Hybrid, 1 hour",146 S,99.9,4
2020,Fall,1130,"Hybrid, 1 hour",146 S,95.12,4
2020,Fall,1130,"Hybrid, 1 hour",146 S,95.54,4
2020,Fall,1130,"Hybrid, 1 hour",146 S,99.65,4
2020,Spring,,"Hybrid, 1 hour",152,91.98,4
2020,Spring,,"Hybrid, 1 hour",152,95.46,4
2020,Spring,,"Hybrid, 1 hour",152,93.64,4
2020,Spring,,"Hybrid, 1 hour",152,90.45,4
2020,Spring,,"Hybrid, 1 hour",152,96.71,4
2020,Spring,,"Hybrid, 1 hour",152,93.84,4
2020,Spring,,"Hybrid, 1 hour",211,94.12,4
2020,Spring,,"Hybrid, 1 hour",211,94.23,4
2020,Spring,,"Hybrid, 1 hour",211,94.76,4
2020,Spring,,"Hybrid, 1 hour",211,95.05,4
2020,Spring,,"Hybrid, 1 hour",211,95.44,4
2020,Spring,,"Hybrid, 1 hour",211,95.53,4
2020,Spring,,"Hybrid, 1 hour",211,96.26,4
2020,Spring,,"Hybrid, 1 hour",211,96.45,4
2020,Spring,,"Hybrid, 1 hour",211,97.16,4
2020,Spring,,"Hybrid, 1 hour",211,97.74,4
2020,Spring,,"Hybrid, 1 hour",211,98.36,4
2020,Summmer,,"Hybrid, 1 hour",211,96.15,4
2020,Summmer,,"Hybrid, 1 hour",211,99.25,4
2020,Summmer,,"Hybrid, 1 hour",211,95.29,4
2020,Summmer,,"Hybrid, 1 hour",211,96.68,4
2020,Summmer,,"Hybrid, 1 hour",211,96.05,4
2020,Summmer,,"Hybrid, 1 hour",211,97.83,4
2020,Summmer,,"Hybrid, 1 hour",211,97.99,4
2020,Summmer,,"Hybrid, 1 hour",211,97,4
2020,Summmer,,"Hybrid, 1 hour",211,99.09,4
2020,Summmer,,"Hybrid, 1 hour",211,99.79,4
2020,Summmer,,"Hybrid, 1 hour",211,97.19,4
2020,Summmer,,"Hybrid, 1 hour",211,96.43,4
2020,Summmer,,"Hybrid, 1 hour",211,95.07,4
2020,Summmer,,"Hybrid, 1 hour",211,93.89,4
2020,Summmer,,"Hybrid, 1 hour",152,97.76,4
2020,Summmer,,"Hybrid, 1 hour",152,101.03,4
2020,Fall,,"Hybrid, 1 hour",208,94.85,4
2020,Fall,,"Hybrid, 1 hour",208,99.58,4
2020,Fall,,"Hybrid, 1 hour",208,97.77,4
2020,Fall,,"Hybrid, 1 hour",208,96.83,4
2020,Fall,,"Hybrid, 1 hour",208,94.14,4
2020,Fall,,"Hybrid, 1 hour",208,94.68,4
2020,Fall,,"Hybrid, 1 hour",208,96.09,4
2020,Fall,,"Hybrid, 1 hour",146 S,4,4
2020,Fall,,"Hybrid, 1 hour",146 S,4,4
2020,Fall,,"Hybrid, 1 hour",146 S,4,4
2020,Fall,,"Hybrid, 1 hour",146 S,4,4
2020,Fall,,"Hybrid, 1 hour",146 S,4,4
2021,Winter,,"Hybrid, 1 hour",146,94.69,4
2021,Winter,,"Hybrid, 1 hour",146,96.6,4
2021,Winter,,"Hybrid, 1 hour",146,97.07,4
2021,Winter,,"Hybrid, 1 hour",146,97.04,4
2021,Winter,,"Hybrid, 1 hour",146,99.84,4
2021,Winter,,"Hybrid, 1 hour",146,97.28,4
2021,Winter,,"Hybrid, 1 hour",146,94.5,4
2021,Winter,,"Hybrid, 1 hour",146,95.51,4
2021,Winter,,"Hybrid, 1 hour",146,98.4,4
2021,Winter,,"Hybrid, 1 hour",146,94.56,4
2021,Winter,,"Hybrid, 1 hour",146,96.14,4
2021,Winter,,"Hybrid, 1 hour",146,98.38,4
2021,Winter,,"Hybrid, 1 hour",146,97.73,4
2021,Winter,,"Hybrid, 1 hour",146,99.74,4
2021,Winter,,"Hybrid, 1 hour",146,97.28,4
2021,Winter,,"Hybrid, 1 hour",146,95.66,4
2021,Winter,,"Hybrid, 1 hour",146,96.06,4
2021,Winter,,"Hybrid, 1 hour",146,94.78,4
2021,Winter,,"Hybrid, 1 hour",146,97.61,4
2021,Winter,,"Hybrid, 1 hour",146,102.43,4
2021,Winter,,"Hybrid, 1 hour",146,101.22,4
2021,Winter,,"Hybrid, 1 hour",146,99.27,4
2021,Winter,,"Hybrid, 1 hour",146,102.98,4
2021,Winter,,"Hybrid, 1 hour",146 S,101.07,4
2021,Winter,,"Hybrid, 1 hour",146 S,101.19,4
2021,Winter,,"Hybrid, 1 hour",146 S,102.29,4
2021,Winter,,"Hybrid, 1 hour",146 S,95.4,4
2021,Winter,,"Hybrid, 1 hour",146 S,100.16,4
2021,Winter,,"Hybrid, 1 hour",146 S,97.97,4
2021,Spring,,"Hybrid, 1 hour",146 S,93.49,4
2021,Spring,,"Hybrid, 1 hour",146 S,95.87,4
2021,Spring,,"Hybrid, 1 hour",146 S,101.68,4
2021,Spring,,"Hybrid, 1 hour",146 S,99.26,4
2021,Spring,,"Hybrid, 1 hour",146 S,96.47,4
2021,Spring,,"Hybrid, 1 hour",146 S,99.3,4
2021,Spring,,"Hybrid, 1 hour",146 S,96.85,4
2021,Spring,,"Hybrid, 1 hour",146 S,98.9,4
2021,Spring,,"Hybrid, 1 hour",146 S,98.32,4
2021,Spring,,"Hybrid, 1 hour",146 S,98.19,4
2021,Spring,,"Hybrid, 1 hour",146 S,96.2,4
2021,Spring,,"Hybrid, 1 hour",146 S,96.05,4
2021,Spring,,"Hybrid, 1 hour",146 S,94.75,4
2021,Spring,,"Hybrid, 1 hour",146 S,97.87,4
2021,Spring,,"Hybrid, 1 hour",146 S,97.08,4
2021,Spring,,"Hybrid, 1 hour",146 S,100.75,4
2021,Summer,,"Hybrid, 1 hour",146 S,97.82,4
2021,Summer,,"Hybrid, 1 hour",146 S,95.93,4
2021,Summer,,"Hybrid, 1 hour",146 S,96.33,4
2021,Summer,,"Hybrid, 1 hour",146 S,97.24,4
2021,Summer,,"Hybrid, 1 hour",146 S,98.8,4
2021,Summer,,"Hybrid, 1 hour",146 S,96.35,4
2021,Summer,,"Hybrid, 1 hour",146 S,95.83,4
2021,Summer,,"Hybrid, 1 hour",146 S,95.7,4
2021,Fall,12:30,"Hybrid, 1 hour",146 S,96.47,4
2021,Fall,12:30,"Hybrid, 1 hour",146 S,96.16,4
2021,Fall,12:30,"Hybrid, 1 hour",146 S,97.68,4
2021,Fall,12:30,"Hybrid, 1 hour",146 S,94.79,4
2021,Fall,12:30,"Hybrid, 1 hour",146 S,95.56,4
2021,Fall,12:30,"Hybrid, 1 hour",146 S,99.4,4
2021,Fall,12:30,"Hybrid, 1 hour",146 S,100.94,4
2021,Fall,12:30,"Hybrid, 1 hour",146 S,96.72,4
2021,Fall,10:30,"Hybrid, 1 hour",146,96.02,4
2021,Fall,10:30,"Hybrid, 1 hour",146,96,4
2021,Fall,8:30,"Hybrid, 1 hour",146,98.39,4
2021,Fall,8:30,"Hybrid, 1 hour",146,95.6,4
2022,Winter,12:30,"Hybrid, 1 hour",107S,96.37,4
2022,Winter,12:30,"Hybrid, 1 hour",107S,96.73,4
2022,Winter,12:30,"Hybrid, 1 hour",107S,94.21,4
2022,Winter,12:30,"Hybrid, 1 hour",107S,98.71,4
2022,Winter,10:30,"Hybrid, 1 hour",146 S,98.85,4
2022,Winter,10:30,"Hybrid, 1 hour",146 S,99.65,4
2022,Winter,10:30,"Hybrid, 1 hour",146 S,98.03,4
2022,Winter,10:30,"Hybrid, 1 hour",146 S,96.87,4
2022,Spring,10:30,"Hybrid, 2 hours",146 S,94.47,4
2022,Spring,10:30,"Hybrid, 2 hours",146 S,97.83,4
2022,Spring,10:30,"Hybrid, 2 hours",146 S,94.8,4
2022,Spring,10:30,"Hybrid, 2 hours",146 S,100.16,4
2022,Spring,10:30,"Hybrid, 2 hours",146 S,98.49,4
2022,Spring,10:30,"Hybrid, 2 hours",146 S,99.09,4
2022,Spring,12:30,"Hybrid, 1 hour",146,98.89,4
2022,Spring,12:30,"Hybrid, 1 hour",146,99.1,4
2022,Spring,12:30,"Hybrid, 1 hour",146,99.26,4
2022,Summer,Online,,211,97.98,4
2022,Summer,Online,,211,98.73,4
2022,Summer,Online,,211,96.5,4
2022,Summer,Online,,211,95.63,4
2022,Summer,Online,,211,98.85,4
2022,Summer,Online,,211,97.84,4
2022,Summer,Online,,211,97.62,4
2022,Summer,Online,,211,96.44,4
2022,Summer,Online,,211,98.43,4
2022,Summer,Online,,211,97.9,4
2022,Summer,Online,,211,95.36,4
2022,Summer,Online,,211,97.99,4
2022,Summer,Online,,211,95.23,4
2022,Summer,Online,,146 S,95.14,4
2022,Summer,Online,,146 S,97.58,4
2022,Summer,Online,,146 S,95.07,4
2022,Summer,Online,,146 S,99.23,4
2022,Summer,Online,,146 S,97.05,4
2022,Summer,Online,,146 S,98.26,4
2022,Summer,Online,,146 S,95.56,4
2022,Summer,Online,,146 S,94.14,4
2022,Summer,Online,,146 S,98.11,4
2022,Summer,Online,,146 S,97.56,4
2022,Fall,10:30,"Hybrid, 2 hours",146 S,99.36,4
2022,Fall,10:30,"Hybrid, 2 hours",146 S,95.3,4
2022,Fall,10:30,"Hybrid, 2 hours",146 S,94.91,4
2022,Fall,10:30,"Hybrid, 2 hours",146 S,98.33,4
2022,Fall,10:30,"Hybrid, 2 hours",146 S,97.62,4
2022,Fall,12:30,"Hybrid, 2 hours",107 S,98.62,4
2022,Fall,12:30,"Hybrid, 2 hours",107 S,99.05,4
2022,Fall,12:30,"Hybrid, 2 hours",107 S,97.62,4
2023,Winter,Online,,146 S,102.89,4
2023,Winter,Online,,146 S,101.75,4
2023,Winter,Online,,146 S,99.96,4
2023,Winter,Online,,146 S,97.64,4
2023,Winter,Online,,146 S,99.13,4
2023,Winter,Online,,146 S,96.6,4
2023,Winter,Online,,146 S,97.28,4
2023,Winter,Online,,146 S,99,4
2023,Winter,8:30,"Hybrid, 1 hour",151,93.51,4
2023,Winter,8:30,"Hybrid, 1 hour",151,93.46,4
2023,Winter,11:30,"Hybrid, 1 hour",151,81.48,4
2023,Spring,Online,,146,96.01,4
2023,Spring,Online,,146,96.58,4
2023,Spring,Online,,146,96.43,4
2023,Spring,Online,,146,98.55,4
2023,Spring,Online,,146,97.54,4
2023,Spring,Online,,146,95.35,4
2023,Spring,Online,,146,98.62,4
2023,Spring,Online,,146 S,96.42,4
2023,Spring,Online,,146 S,100.49,4
2023,Spring,Online,,146 S,95.93,4
2023,Spring,Online,,146 S,101.7,4
2023,Spring,Online,,146 S,96.48,4
2023,Spring,Online,,146 S,98.36,4
2023,Spring,Online,,146 S,94.64,4
2023,Spring,Online,,146 S,98.87,4
2023,Spring,Online,,146 S,99.12,4
2023,Fall,9:30,"Hybrid, 1 hour",211,97.33,4
2023,Fall,9:30,"Hybrid, 1 hour",211,100.18,4
2023,Fall,9:30,"Hybrid, 1 hour",211,100.56,4
2023,Fall,9:30,"Hybrid, 1 hour",211,95.56,4
2023,Fall,9:30,"Hybrid, 1 hour",211,98.1,4
2023,Fall,9:30,"Hybrid, 1 hour",211,97.63,4
2023,Fall,10:30,"Hybrid, 2 hours",146,99.64,4
2023,Fall,10:30,"Hybrid, 2 hours",146,96.98,4
2023,Fall,10:30,"Hybrid, 2 hours",146,101.73,4
2023,Fall,10:30,"Hybrid, 2 hours",146,98.85,4
2023,Fall,10:30,"Hybrid, 2 hours",146,100.42,4
2023,Fall,10:30,"Hybrid, 2 hours",146,97.73,4
2023,Fall,10:30,"Hybrid, 2 hours",146,96.5,4
2024,Winter,Online,,146 S,96.13,4
2024,Winter,Online,,146 S,96.52,4
2024,Winter,Online,,146 S,99.11,4
2024,Winter,Online,,146 S,98.45,4
2024,Winter,Online,,146 S,95.11,4
2024,Winter,Online,,146 S,98.61,4
2024,Winter,Online,,146 S,95.81,4
2024,Winter,Online,,146 S,94.93,4
2024,Winter,Online,,146 S,97.4,4
2024,Winter,Online,,146 S,100.91,4
2024,Winter,Online,,146 S,100.74,4
2024,Winter,10:30,"Hybrid, 2 hours",146 S,99.04,4
2024,Winter,10:30,"Hybrid, 2 hours",146 S,95.36,4
2024,Winter,10:30,"Hybrid, 2 hours",146 S,97.26,4
2024,Winter,10:30,"Hybrid, 2 hours",146 S,98.13,4
2024,Winter,10:30,"Hybrid, 2 hours",146 S,94.96,4
2024,Spring,10:30,"Hybrid, 2 hours",146 S,93.6,4
2024,Summer,Online,,146 S,96.64,4
2024,Summer,Online,,146 S,99.35,4
2024,Summer,Online,,148,97.01,4
2024,Summer,Online,,148,97.76,4
2024,Summer,Online,,148,96.91,4
2024,Summer,Online,,211,96.26,4
2024,Summer,Online,,211,94.96,4
2024,Fall,Online,,146,98,4
2024,Fall,Online,,146,97.81,4
2024,Fall,Online,,146,99.1,4
2024,Fall,Online,,146,95.39,4
2024,Fall,Online,,146,98.15,4
2024,Fall,Online,,146,100.39,4
2024,Fall,Online,,146,96.96,4
2024,Fall,Online,,146,99.28,4
2024,Fall,10:30,"Hybrid, 2 hours",107 S,96.72,4
2024,Fall,10:30,"Hybrid, 2 hours",099 S,96.08,4
2024,Fall,10:30,"Hybrid, 2 hours",099 S,94.76,4
2024,Fall,10:30,"Hybrid, 2 hours",099 S,94.55,4
2024,Fall,10:30,"Hybrid, 2 hours",099 S,100,4
2025,Summer,Online,,146 S,98.06,4
2025,Summer,Online,,146 S,96.9,4
2025,Summer,Online,,146 S,98.77,4
2025,Summer,Online,,211,95.1,4
2025,Summer,Online,,211,96.49,4
2025,Summer,Online,,211,98.88,4
2025,Summer,Online,,211,97.9,4
2025,Summer,Online,,211,96.15,4
2025,Summer,Online,,211,97.58,4
2025,Summer,Online,,211,96.44,4